participant,trial_index,gender,condition,perturbed,signed_shift_cents,perturb_dur_ms,baseline_f0_hz
P001,1,female,neg100,1,-100,202.7,160.40
P001,2,female,neg100,1,-100,202.7,165.45
P001,3,female,neg100,1,-100,202.7,167.11
P001,4,female,neg100,1,-100,202.7,167.00
P001,5,female,control,0,0,202.7,166.83
P001,6,female,control,0,0,202.7,172.14
P001,7,female,pos100,1,100,202.7,164.59
P001,8,female,pos100,1,100,202.7,166.64
P001,9,female,pos100,1,100,202.7,169.14
P001,10,female,control,0,0,202.7,169.17
P001,11,female,control,0,0,202.7,167.56
P001,12,female,control,0,0,202.7,165.67
P001,13,female,pos100,1,100,202.7,165.61
P001,14,female,neg100,1,-100,202.7,166.07
P001,15,female,pos100,1,100,202.7,171.70
P001,16,female,pos100,1,100,202.7,165.80
P001,17,female,neg100,1,-100,202.7,165.44
P001,18,female,neg100,1,-100,202.7,167.37
P001,19,female,pos100,1,100,202.7,176.31
P001,20,female,neg100,1,-100,202.7,164.88
P001,21,female,pos100,1,100,202.7,167.06
P001,22,female,control,0,0,202.7,168.20
P001,23,female,control,0,0,202.7,169.78
P001,24,female,neg100,1,-100,202.7,169.77
P001,25,female,neg100,1,-100,202.7,173.82
P001,26,female,pos100,1,100,202.7,176.44
P001,27,female,pos100,1,100,202.7,169.60
P001,28,female,neg100,1,-100,202.7,170.32
P001,29,female,control,0,0,202.7,171.80
P001,30,female,neg100,1,-100,202.7,169.65
P001,31,female,control,0,0,202.7,173.59
P001,32,female,neg100,1,-100,202.7,174.02
P001,33,female,pos100,1,100,202.7,170.33
P001,34,female,pos100,1,100,202.7,173.01
P001,35,female,pos100,1,100,202.7,172.71
P001,36,female,control,0,0,202.7,170.69
P001,37,female,control,0,0,202.7,172.87
P001,38,female,pos100,1,100,202.7,169.85
P001,39,female,control,0,0,202.7,167.90
P001,40,female,neg100,1,-100,202.7,176.88
P001,41,female,control,0,0,202.7,164.00
P001,42,female,control,0,0,202.7,165.78
P001,43,female,pos100,1,100,202.7,161.89
P001,44,female,control,0,0,202.7,165.61
P001,45,female,pos100,1,100,202.7,162.34
P001,46,female,pos100,1,100,202.7,162.46
P001,47,female,pos100,1,100,202.7,162.29
P001,48,female,neg100,1,-100,202.7,161.91
P001,49,female,neg100,1,-100,202.7,158.83
P001,50,female,control,0,0,202.7,164.50
P001,51,female,pos100,1,100,202.7,161.81
P001,52,female,control,0,0,202.7,159.58
P001,53,female,neg100,1,-100,202.7,163.76
P001,54,female,pos100,1,100,202.7,162.62
P001,55,female,neg100,1,-100,202.7,164.55
P001,56,female,pos100,1,100,202.7,164.76
P001,57,female,neg100,1,-100,202.7,160.35
P001,58,female,control,0,0,202.7,164.40
P001,59,female,neg100,1,-100,202.7,163.68
P001,60,female,neg100,1,-100,202.7,160.28
P001,61,female,pos100,1,100,202.7,162.50
P001,62,female,neg100,1,-100,202.7,163.30
P001,63,female,pos100,1,100,202.7,163.93
P001,64,female,control,0,0,202.7,165.55
P001,65,female,neg100,1,-100,202.7,161.60
P001,66,female,pos100,1,100,202.7,164.19
P001,67,female,pos100,1,100,202.7,165.74
P001,68,female,control,0,0,202.7,164.48
P001,69,female,pos100,1,100,202.7,160.70
P001,70,female,control,0,0,202.7,165.00
P001,71,female,control,0,0,202.7,163.51
P001,72,female,control,0,0,202.7,166.07
P001,73,female,pos100,1,100,202.7,161.05
P001,74,female,control,0,0,202.7,166.86
P001,75,female,neg100,1,-100,202.7,161.06
P001,76,female,neg100,1,-100,202.7,159.65
P001,77,female,neg100,1,-100,202.7,164.66
P001,78,female,neg100,1,-100,202.7,162.93
P001,79,female,pos100,1,100,202.7,163.99
P001,80,female,neg100,1,-100,202.7,164.63
P001,81,female,neg100,1,-100,202.7,184.11
P001,82,female,neg100,1,-100,202.7,188.68
P001,83,female,pos100,1,100,202.7,187.97
P001,84,female,control,0,0,202.7,186.90
P001,85,female,neg100,1,-100,202.7,188.71
P001,86,female,control,0,0,202.7,186.25
P001,87,female,pos100,1,100,202.7,192.71
P001,88,female,neg100,1,-100,202.7,186.12
P001,89,female,pos100,1,100,202.7,184.74
P001,90,female,pos100,1,100,202.7,181.01
P001,91,female,pos100,1,100,202.7,187.93
P001,92,female,neg100,1,-100,202.7,187.81
P001,93,female,neg100,1,-100,202.7,184.10
P001,94,female,control,0,0,202.7,187.87
P001,95,female,pos100,1,100,202.7,190.61
P001,96,female,control,0,0,202.7,191.12
P001,97,female,pos100,1,100,202.7,185.86
P001,98,female,control,0,0,202.7,186.94
P001,99,female,pos100,1,100,202.7,182.78
P001,100,female,pos100,1,100,202.7,182.98
P001,101,female,neg100,1,-100,202.7,182.71
P001,102,female,control,0,0,202.7,188.75
P001,103,female,pos100,1,100,202.7,185.50
P001,104,female,neg100,1,-100,202.7,184.88
P001,105,female,neg100,1,-100,202.7,185.03
P001,106,female,control,0,0,202.7,184.74
P001,107,female,neg100,1,-100,202.7,184.92
P001,108,female,control,0,0,202.7,190.78
P001,109,female,pos100,1,100,202.7,189.03
P001,110,female,neg100,1,-100,202.7,188.26
P001,111,female,control,0,0,202.7,184.80
P001,112,female,neg100,1,-100,202.7,190.98
P001,113,female,control,0,0,202.7,190.00
P001,114,female,neg100,1,-100,202.7,183.80
P001,115,female,control,0,0,202.7,187.91
P001,116,female,pos100,1,100,202.7,185.18
P001,117,female,neg100,1,-100,202.7,178.71
P001,118,female,pos100,1,100,202.7,188.80
P001,119,female,control,0,0,202.7,184.93
P001,120,female,pos100,1,100,202.7,188.67
P001,121,female,control,0,0,202.7,179.13
P001,122,female,neg100,1,-100,202.7,177.39
P001,123,female,pos100,1,100,202.7,179.89
P001,124,female,pos100,1,100,202.7,174.34
P001,125,female,control,0,0,202.7,173.14
P001,126,female,control,0,0,202.7,174.37
P001,127,female,pos100,1,100,202.7,172.85
P001,128,female,neg100,1,-100,202.7,171.85
P001,129,female,pos100,1,100,202.7,169.99
P001,130,female,neg100,1,-100,202.7,171.87
P001,131,female,neg100,1,-100,202.7,171.55
P001,132,female,control,0,0,202.7,171.36
P001,133,female,control,0,0,202.7,172.65
P001,134,female,pos100,1,100,202.7,168.04
P001,135,female,control,0,0,202.7,169.91
P001,136,female,neg100,1,-100,202.7,170.38
P001,137,female,pos100,1,100,202.7,172.78
P001,138,female,neg100,1,-100,202.7,170.59
P001,139,female,neg100,1,-100,202.7,174.59
P001,140,female,neg100,1,-100,202.7,172.69
P001,141,female,neg100,1,-100,202.7,173.85
P001,142,female,pos100,1,100,202.7,172.45
P001,143,female,control,0,0,202.7,174.57
P001,144,female,pos100,1,100,202.7,169.76
P001,145,female,pos100,1,100,202.7,169.23
P001,146,female,pos100,1,100,202.7,171.34
P001,147,female,pos100,1,100,202.7,166.69
P001,148,female,pos100,1,100,202.7,174.88
P001,149,female,control,0,0,202.7,171.03
P001,150,female,neg100,1,-100,202.7,166.89
P001,151,female,control,0,0,202.7,168.20
P001,152,female,neg100,1,-100,202.7,169.00
P001,153,female,control,0,0,202.7,172.57
P001,154,female,neg100,1,-100,202.7,171.55
P001,155,female,neg100,1,-100,202.7,171.31
P001,156,female,pos100,1,100,202.7,176.34
P001,157,female,control,0,0,202.7,174.83
P001,158,female,neg100,1,-100,202.7,171.64
P001,159,female,control,0,0,202.7,173.76
P001,160,female,pos100,1,100,202.7,181.38
P001,161,female,control,0,0,202.7,163.14
P001,162,female,neg100,1,-100,202.7,161.34
P001,163,female,pos100,1,100,202.7,159.62
P001,164,female,pos100,1,100,202.7,160.45
P001,165,female,neg100,1,-100,202.7,162.26
P001,166,female,pos100,1,100,202.7,161.12
P001,167,female,control,0,0,202.7,163.69
P001,168,female,control,0,0,202.7,161.48
P001,169,female,neg100,1,-100,202.7,161.83
P001,170,female,pos100,1,100,202.7,161.31
P001,171,female,neg100,1,-100,202.7,161.78
P001,172,female,control,0,0,202.7,167.10
P001,173,female,pos100,1,100,202.7,162.60
P001,174,female,neg100,1,-100,202.7,161.63
P001,175,female,neg100,1,-100,202.7,164.91
P001,176,female,neg100,1,-100,202.7,164.74
P001,177,female,neg100,1,-100,202.7,167.23
P001,178,female,neg100,1,-100,202.7,171.09
P001,179,female,control,0,0,202.7,169.93
P001,180,female,neg100,1,-100,202.7,166.41
P001,181,female,control,0,0,202.7,175.91
P001,182,female,neg100,1,-100,202.7,171.42
P001,183,female,pos100,1,100,202.7,168.21
P001,184,female,pos100,1,100,202.7,172.97
P001,185,female,pos100,1,100,202.7,170.55
P001,186,female,control,0,0,202.7,172.52
P001,187,female,control,0,0,202.7,174.12
P001,188,female,control,0,0,202.7,174.47
P001,189,female,pos100,1,100,202.7,175.56
P001,190,female,pos100,1,100,202.7,177.74
P001,191,female,neg100,1,-100,202.7,173.84
P001,192,female,neg100,1,-100,202.7,176.23
P001,193,female,pos100,1,100,202.7,174.24
P001,194,female,control,0,0,202.7,174.27
P001,195,female,neg100,1,-100,202.7,168.97
P001,196,female,pos100,1,100,202.7,165.53
P001,197,female,pos100,1,100,202.7,178.82
P001,198,female,pos100,1,100,202.7,175.38
P001,199,female,pos100,1,100,202.7,165.36
P001,200,female,control,0,0,202.7,179.47
P001,201,female,control,0,0,202.7,174.89
P001,202,female,neg100,1,-100,202.7,177.81
P001,203,female,control,0,0,202.7,176.28
P001,204,female,pos100,1,100,202.7,172.21
P001,205,female,pos100,1,100,202.7,175.11
P001,206,female,control,0,0,202.7,175.79
P001,207,female,neg100,1,-100,202.7,174.46
P001,208,female,neg100,1,-100,202.7,179.59
P001,209,female,control,0,0,202.7,179.94
P001,210,female,pos100,1,100,202.7,178.96
P001,211,female,control,0,0,202.7,169.13
P001,212,female,neg100,1,-100,202.7,167.93
P001,213,female,control,0,0,202.7,174.48
P001,214,female,neg100,1,-100,202.7,166.28
P001,215,female,pos100,1,100,202.7,171.30
P001,216,female,pos100,1,100,202.7,169.28
P003,1,male,pos100,1,100,202.7,116.28
P003,2,male,control,0,0,202.7,117.35
P003,3,male,pos100,1,100,202.7,118.18
P003,4,male,neg100,1,-100,202.7,118.18
P003,5,male,neg100,1,-100,202.7,117.30
P003,6,male,control,0,0,202.7,119.50
P003,7,male,control,0,0,202.7,119.06
P003,8,male,control,0,0,202.7,118.60
P003,9,male,control,0,0,202.7,119.27
P003,10,male,pos100,1,100,202.7,119.30
P003,11,male,pos100,1,100,202.7,121.19
P003,12,male,neg100,1,-100,202.7,119.83
P003,13,male,pos100,1,100,202.7,118.37
P003,14,male,pos100,1,100,202.7,117.49
P003,15,male,neg100,1,-100,202.7,118.51
P003,16,male,control,0,0,202.7,118.60
P003,17,male,neg100,1,-100,202.7,118.87
P003,18,male,pos100,1,100,202.7,118.22
P003,19,male,control,0,0,202.7,118.31
P003,20,male,neg100,1,-100,202.7,119.82
P003,21,male,neg100,1,-100,202.7,120.14
P003,22,male,pos100,1,100,202.7,121.85
P003,23,male,pos100,1,100,202.7,121.95
P003,24,male,pos100,1,100,202.7,121.22
P003,25,male,pos100,1,100,202.7,120.44
P003,26,male,control,0,0,202.7,121.33
P003,27,male,neg100,1,-100,202.7,122.30
P003,28,male,control,0,0,202.7,120.13
P003,29,male,control,0,0,202.7,120.49
P003,30,male,pos100,1,100,202.7,120.98
P003,31,male,pos100,1,100,202.7,118.31
P003,32,male,neg100,1,-100,202.7,117.50
P003,33,male,pos100,1,100,202.7,118.79
P003,34,male,neg100,1,-100,202.7,118.20
P003,35,male,neg100,1,-100,202.7,118.06
P003,36,male,neg100,1,-100,202.7,117.79
P003,37,male,neg100,1,-100,202.7,117.80
P003,38,male,control,0,0,202.7,119.66
P003,39,male,control,0,0,202.7,117.97
P003,40,male,neg100,1,-100,202.7,119.33
P003,41,male,pos100,1,100,202.7,118.27
P003,42,male,control,0,0,202.7,115.35
P003,43,male,pos100,1,100,202.7,116.33
P003,44,male,neg100,1,-100,202.7,115.14
P003,45,male,neg100,1,-100,202.7,118.17
P003,46,male,control,0,0,202.7,117.71
P003,47,male,control,0,0,202.7,118.90
P003,48,male,control,0,0,202.7,118.73
P003,49,male,control,0,0,202.7,119.19
P003,50,male,pos100,1,100,202.7,118.85
P003,51,male,pos100,1,100,202.7,119.03
P003,52,male,neg100,1,-100,202.7,117.26
P003,53,male,pos100,1,100,202.7,117.08
P003,54,male,pos100,1,100,202.7,119.60
P003,55,male,neg100,1,-100,202.7,116.97
P003,56,male,control,0,0,202.7,118.24
P003,57,male,neg100,1,-100,202.7,119.36
P003,58,male,pos100,1,100,202.7,120.04
P003,59,male,control,0,0,202.7,118.53
P003,60,male,neg100,1,-100,202.7,117.65
P003,61,male,neg100,1,-100,202.7,118.34
P003,62,male,pos100,1,100,202.7,119.68
P003,63,male,pos100,1,100,202.7,119.80
P003,64,male,pos100,1,100,202.7,117.83
P003,65,male,pos100,1,100,202.7,117.57
P003,66,male,control,0,0,202.7,117.17
P003,67,male,neg100,1,-100,202.7,118.23
P003,68,male,control,0,0,202.7,118.88
P003,69,male,control,0,0,202.7,118.65
P003,70,male,pos100,1,100,202.7,119.13
P003,71,male,pos100,1,100,202.7,121.14
P003,72,male,neg100,1,-100,202.7,118.59
P003,73,male,pos100,1,100,202.7,119.40
P003,74,male,neg100,1,-100,202.7,119.71
P003,75,male,neg100,1,-100,202.7,118.81
P003,76,male,neg100,1,-100,202.7,120.20
P003,77,male,neg100,1,-100,202.7,118.32
P003,78,male,control,0,0,202.7,119.36
P003,79,male,control,0,0,202.7,120.46
P003,80,male,control,0,0,202.7,119.43
P003,81,male,control,0,0,202.7,119.44
P003,82,male,neg100,1,-100,202.7,119.81
P003,83,male,control,0,0,202.7,119.51
P003,84,male,control,0,0,202.7,120.55
P003,85,male,neg100,1,-100,202.7,122.11
P003,86,male,pos100,1,100,202.7,120.78
P003,87,male,pos100,1,100,202.7,119.22
P003,88,male,neg100,1,-100,202.7,118.62
P003,89,male,control,0,0,202.7,119.61
P003,90,male,control,0,0,202.7,120.08
P003,91,male,neg100,1,-100,202.7,119.85
P003,92,male,control,0,0,202.7,118.97
P003,93,male,pos100,1,100,202.7,121.92
P003,94,male,neg100,1,-100,202.7,121.57
P003,95,male,pos100,1,100,202.7,120.80
P003,96,male,pos100,1,100,202.7,121.30
P003,97,male,pos100,1,100,202.7,120.71
P003,98,male,control,0,0,202.7,120.88
P003,99,male,pos100,1,100,202.7,117.53
P003,100,male,neg100,1,-100,202.7,117.79
P003,101,male,control,0,0,202.7,119.75
P003,102,male,control,0,0,202.7,119.43
P003,103,male,neg100,1,-100,202.7,119.23
P003,104,male,neg100,1,-100,202.7,119.44
P003,105,male,neg100,1,-100,202.7,118.30
P003,106,male,pos100,1,100,202.7,120.04
P003,107,male,pos100,1,100,202.7,118.27
P003,108,male,control,0,0,202.7,117.65
P003,109,male,pos100,1,100,202.7,117.58
P003,110,male,neg100,1,-100,202.7,118.04
P003,111,male,pos100,1,100,202.7,118.15
P003,112,male,neg100,1,-100,202.7,117.57
P003,113,male,pos100,1,100,202.7,119.66
P003,114,male,control,0,0,202.7,117.39
P003,115,male,pos100,1,100,202.7,119.29
P003,116,male,pos100,1,100,202.7,120.39
P003,117,male,neg100,1,-100,202.7,118.08
P003,118,male,neg100,1,-100,202.7,118.14
P003,119,male,neg100,1,-100,202.7,119.26
P003,120,male,control,0,0,202.7,111.14
P003,121,male,control,0,0,202.7,110.54
P003,122,male,neg100,1,-100,202.7,110.87
P003,123,male,control,0,0,202.7,111.55
P003,124,male,control,0,0,202.7,113.13
P003,125,male,neg100,1,-100,202.7,112.10
P003,126,male,pos100,1,100,202.7,113.61
P003,127,male,pos100,1,100,202.7,111.32
P003,128,male,neg100,1,-100,202.7,114.24
P003,129,male,control,0,0,202.7,112.85
P003,130,male,control,0,0,202.7,110.87
P003,131,male,neg100,1,-100,202.7,112.81
P003,132,male,control,0,0,202.7,113.82
P003,133,male,pos100,1,100,202.7,114.04
P003,134,male,neg100,1,-100,202.7,113.33
P003,135,male,pos100,1,100,202.7,114.82
P003,136,male,pos100,1,100,202.7,114.21
P003,137,male,pos100,1,100,202.7,114.58
P003,138,male,control,0,0,202.7,112.93
P003,139,male,pos100,1,100,202.7,113.35
P003,140,male,neg100,1,-100,202.7,113.19
P003,141,male,control,0,0,202.7,115.74
P003,142,male,control,0,0,202.7,117.00
P003,143,male,neg100,1,-100,202.7,113.04
P003,144,male,neg100,1,-100,202.7,114.57
P003,145,male,neg100,1,-100,202.7,112.83
P003,146,male,pos100,1,100,202.7,116.91
P003,147,male,pos100,1,100,202.7,115.89
P003,148,male,control,0,0,202.7,116.32
P003,149,male,pos100,1,100,202.7,114.65
P003,150,male,neg100,1,-100,202.7,115.26
P003,151,male,pos100,1,100,202.7,115.19
P003,152,male,neg100,1,-100,202.7,114.76
P003,153,male,pos100,1,100,202.7,114.55
P003,154,male,control,0,0,202.7,115.43
P003,155,male,pos100,1,100,202.7,114.61
P003,156,male,pos100,1,100,202.7,113.24
P003,157,male,neg100,1,-100,202.7,115.96
P003,158,male,neg100,1,-100,202.7,116.54
P003,159,male,neg100,1,-100,202.7,112.85
P003,160,male,pos100,1,100,202.7,110.28
P003,161,male,control,0,0,202.7,114.01
P003,162,male,control,0,0,202.7,113.42
P003,163,male,pos100,1,100,202.7,113.82
P003,164,male,pos100,1,100,202.7,114.62
P003,165,male,neg100,1,-100,202.7,115.14
P003,166,male,pos100,1,100,202.7,114.00
P003,167,male,control,0,0,202.7,114.12
P003,168,male,pos100,1,100,202.7,120.12
P003,169,male,pos100,1,100,202.7,112.36
P003,170,male,pos100,1,100,202.7,111.25
P003,171,male,neg100,1,-100,202.7,112.06
P003,172,male,neg100,1,-100,202.7,112.60
P003,173,male,control,0,0,202.7,113.77
P003,174,male,pos100,1,100,202.7,114.80
P003,175,male,control,0,0,202.7,114.09
P003,176,male,control,0,0,202.7,111.45
P003,177,male,pos100,1,100,202.7,115.60
P003,178,male,neg100,1,-100,202.7,112.30
P003,179,male,control,0,0,202.7,113.25
P003,180,male,pos100,1,100,202.7,114.06
P003,181,male,neg100,1,-100,202.7,114.80
P003,182,male,control,0,0,202.7,114.84
P003,183,male,control,0,0,202.7,113.87
P003,184,male,pos100,1,100,202.7,113.54
P003,185,male,pos100,1,100,202.7,114.50
P003,186,male,pos100,1,100,202.7,115.46
P003,187,male,control,0,0,202.7,110.87
P003,188,male,control,0,0,202.7,112.14
P003,189,male,control,0,0,202.7,113.31
P003,190,male,neg100,1,-100,202.7,114.00
P003,191,male,neg100,1,-100,202.7,114.32
P003,192,male,neg100,1,-100,202.7,115.08
P003,193,male,pos100,1,100,202.7,114.87
P003,194,male,neg100,1,-100,202.7,113.01
P003,195,male,neg100,1,-100,202.7,109.77
P003,196,male,neg100,1,-100,202.7,110.51
P003,197,male,neg100,1,-100,202.7,111.25
P003,198,male,neg100,1,-100,202.7,113.11
P003,199,male,neg100,1,-100,202.7,113.16
P003,200,male,neg100,1,-100,202.7,114.93
P003,201,male,neg100,1,-100,202.7,113.79
P003,202,male,pos100,1,100,202.7,114.52
P003,203,male,control,0,0,202.7,112.79
P003,204,male,control,0,0,202.7,110.60
P003,205,male,pos100,1,100,202.7,114.52
P003,206,male,neg100,1,-100,202.7,112.41
P003,207,male,control,0,0,202.7,114.51
P003,208,male,pos100,1,100,202.7,114.18
P003,209,male,pos100,1,100,202.7,114.58
P003,210,male,control,0,0,202.7,107.22
P003,211,male,neg100,1,-100,202.7,112.31
P003,212,male,control,0,0,202.7,114.36
P003,213,male,pos100,1,100,202.7,114.33
P003,214,male,pos100,1,100,202.7,117.02
P003,215,male,neg100,1,-100,202.7,117.75
P005,1,female,neg100,1,-100,202.7,269.74
P005,2,female,neg100,1,-100,202.7,265.68
P005,3,female,neg100,1,-100,202.7,268.78
P005,4,female,pos100,1,100,202.7,271.34
P005,5,female,pos100,1,100,202.7,271.86
P005,6,female,control,0,0,202.7,268.96
P005,7,female,control,0,0,202.7,272.51
P005,8,female,pos100,1,100,202.7,270.08
P005,9,female,pos100,1,100,202.7,270.69
P005,10,female,control,0,0,202.7,269.06
P005,11,female,control,0,0,202.7,270.97
P005,12,female,control,0,0,202.7,275.14
P005,13,female,neg100,1,-100,202.7,271.91
P005,14,female,pos100,1,100,202.7,274.32
P005,15,female,pos100,1,100,202.7,270.39
P005,16,female,neg100,1,-100,202.7,271.12
P005,17,female,neg100,1,-100,202.7,274.57
P005,18,female,pos100,1,100,202.7,273.69
P005,19,female,neg100,1,-100,202.7,277.42
P005,20,female,pos100,1,100,202.7,276.19
P005,21,female,neg100,1,-100,202.7,279.60
P005,22,female,control,0,0,202.7,276.75
P005,23,female,control,0,0,202.7,274.98
P005,24,female,control,0,0,202.7,277.87
P005,25,female,neg100,1,-100,202.7,277.22
P005,26,female,pos100,1,100,202.7,279.22
P005,27,female,pos100,1,100,202.7,272.90
P005,28,female,neg100,1,-100,202.7,274.92
P005,29,female,control,0,0,202.7,277.31
P005,30,female,neg100,1,-100,202.7,277.28
P005,31,female,neg100,1,-100,202.7,272.03
P005,32,female,control,0,0,202.7,274.03
P005,33,female,pos100,1,100,202.7,273.01
P005,34,female,pos100,1,100,202.7,275.69
P005,35,female,pos100,1,100,202.7,272.21
P005,36,female,neg100,1,-100,202.7,272.93
P005,37,female,control,0,0,202.7,272.66
P005,38,female,pos100,1,100,202.7,271.94
P005,39,female,control,0,0,202.7,273.16
P005,40,female,neg100,1,-100,202.7,273.49
P005,41,female,control,0,0,202.7,269.16
P005,42,female,control,0,0,202.7,270.17
P005,43,female,pos100,1,100,202.7,267.62
P005,44,female,control,0,0,202.7,267.91
P005,45,female,pos100,1,100,202.7,271.93
P005,46,female,pos100,1,100,202.7,268.40
P005,47,female,pos100,1,100,202.7,271.36
P005,48,female,neg100,1,-100,202.7,271.65
P005,49,female,neg100,1,-100,202.7,275.38
P005,50,female,pos100,1,100,202.7,271.51
P005,51,female,control,0,0,202.7,272.32
P005,52,female,neg100,1,-100,202.7,274.34
P005,53,female,control,0,0,202.7,275.36
P005,54,female,neg100,1,-100,202.7,277.48
P005,55,female,neg100,1,-100,202.7,271.19
P005,56,female,pos100,1,100,202.7,273.30
P005,57,female,neg100,1,-100,202.7,276.36
P005,58,female,neg100,1,-100,202.7,274.94
P005,59,female,control,0,0,202.7,278.54
P005,60,female,neg100,1,-100,202.7,274.39
P005,61,female,neg100,1,-100,202.7,276.86
P005,62,female,pos100,1,100,202.7,277.98
P005,63,female,pos100,1,100,202.7,275.76
P005,64,female,neg100,1,-100,202.7,275.07
P005,65,female,pos100,1,100,202.7,280.31
P005,66,female,pos100,1,100,202.7,277.01
P005,67,female,pos100,1,100,202.7,274.09
P005,68,female,pos100,1,100,202.7,271.87
P005,69,female,control,0,0,202.7,273.67
P005,70,female,pos100,1,100,202.7,272.88
P005,71,female,control,0,0,202.7,277.02
P005,72,female,control,0,0,202.7,274.56
P005,73,female,neg100,1,-100,202.7,271.80
P005,74,female,control,0,0,202.7,276.92
P005,75,female,neg100,1,-100,202.7,271.86
P005,76,female,neg100,1,-100,202.7,276.42
P005,77,female,pos100,1,100,202.7,274.96
P005,78,female,control,0,0,202.7,275.70
P005,79,female,neg100,1,-100,202.7,274.72
P005,80,female,control,0,0,202.7,276.15
P005,81,female,control,0,0,202.7,273.84
P005,82,female,pos100,1,100,202.7,275.18
P005,83,female,neg100,1,-100,202.7,269.57
P005,84,female,neg100,1,-100,202.7,273.95
P005,85,female,neg100,1,-100,202.7,272.88
P005,86,female,control,0,0,202.7,275.55
P005,87,female,neg100,1,-100,202.7,271.54
P005,88,female,neg100,1,-100,202.7,272.76
P005,89,female,pos100,1,100,202.7,272.67
P005,90,female,control,0,0,202.7,272.91
P005,91,female,pos100,1,100,202.7,271.26
P005,92,female,pos100,1,100,202.7,270.78
P005,93,female,pos100,1,100,202.7,272.45
P005,94,female,pos100,1,100,202.7,268.26
P005,95,female,control,0,0,202.7,271.44
P005,96,female,pos100,1,100,202.7,272.63
P005,97,female,neg100,1,-100,202.7,271.43
P005,98,female,neg100,1,-100,202.7,268.08
P005,99,female,control,0,0,202.7,273.18
P005,100,female,pos100,1,100,202.7,274.49
P005,101,female,pos100,1,100,202.7,270.32
P005,102,female,neg100,1,-100,202.7,271.97
P005,103,female,control,0,0,202.7,269.99
P005,104,female,neg100,1,-100,202.7,269.87
P005,105,female,neg100,1,-100,202.7,272.25
P005,106,female,pos100,1,100,202.7,276.92
P005,107,female,neg100,1,-100,202.7,274.64
P005,108,female,control,0,0,202.7,273.73
P005,109,female,control,0,0,202.7,272.91
P005,110,female,pos100,1,100,202.7,275.62
P005,111,female,control,0,0,202.7,276.87
P005,112,female,neg100,1,-100,202.7,269.20
P005,113,female,neg100,1,-100,202.7,275.35
P005,114,female,pos100,1,100,202.7,273.48
P005,115,female,control,0,0,202.7,273.23
P005,116,female,control,0,0,202.7,271.19
P005,117,female,control,0,0,202.7,272.15
P005,118,female,pos100,1,100,202.7,271.63
P005,119,female,neg100,1,-100,202.7,272.10
P005,120,female,pos100,1,100,202.7,276.03
P005,121,female,control,0,0,202.7,263.66
P005,122,female,control,0,0,202.7,270.19
P005,123,female,control,0,0,202.7,272.59
P005,124,female,neg100,1,-100,202.7,269.78
P005,125,female,control,0,0,202.7,269.22
P005,126,female,neg100,1,-100,202.7,270.19
P005,127,female,pos100,1,100,202.7,273.81
P005,128,female,pos100,1,100,202.7,270.97
P005,129,female,pos100,1,100,202.7,273.27
P005,130,female,neg100,1,-100,202.7,273.27
P005,131,female,control,0,0,202.7,268.73
P005,132,female,control,0,0,202.7,271.30
P005,133,female,neg100,1,-100,202.7,271.06
P005,134,female,control,0,0,202.7,272.40
P005,135,female,neg100,1,-100,202.7,269.83
P005,136,female,pos100,1,100,202.7,271.36
P005,137,female,neg100,1,-100,202.7,266.47
P005,138,female,pos100,1,100,202.7,269.92
P005,139,female,neg100,1,-100,202.7,271.31
P005,140,female,neg100,1,-100,202.7,266.18
P005,141,female,neg100,1,-100,202.7,266.73
P005,142,female,pos100,1,100,202.7,270.52
P005,143,female,pos100,1,100,202.7,271.85
P005,144,female,control,0,0,202.7,269.79
P005,145,female,pos100,1,100,202.7,265.11
P005,146,female,pos100,1,100,202.7,266.45
P005,147,female,pos100,1,100,202.7,273.42
P005,148,female,pos100,1,100,202.7,266.84
P005,149,female,neg100,1,-100,202.7,266.68
P005,150,female,neg100,1,-100,202.7,261.59
P005,151,female,control,0,0,202.7,266.47
P005,152,female,pos100,1,100,202.7,273.68
P005,153,female,control,0,0,202.7,261.56
P005,154,female,neg100,1,-100,202.7,265.74
P005,155,female,neg100,1,-100,202.7,265.06
P005,156,female,pos100,1,100,202.7,269.75
P005,157,female,control,0,0,202.7,267.30
P005,158,female,neg100,1,-100,202.7,267.26
P005,159,female,control,0,0,202.7,269.99
P005,160,female,pos100,1,100,202.7,265.81
P005,161,female,control,0,0,202.7,273.87
P005,162,female,pos100,1,100,202.7,274.56
P005,163,female,control,0,0,202.7,273.76
P005,164,female,control,0,0,202.7,274.37
P005,165,female,pos100,1,100,202.7,281.38
P005,166,female,neg100,1,-100,202.7,277.40
P005,167,female,pos100,1,100,202.7,276.68
P005,168,female,control,0,0,202.7,275.40
P005,169,female,neg100,1,-100,202.7,278.94
P005,170,female,neg100,1,-100,202.7,285.85
P005,171,female,control,0,0,202.7,278.11
P005,172,female,neg100,1,-100,202.7,270.11
P005,173,female,neg100,1,-100,202.7,271.00
P005,174,female,neg100,1,-100,202.7,270.58
P005,175,female,pos100,1,100,202.7,273.22
P005,176,female,control,0,0,202.7,274.93
P005,177,female,pos100,1,100,202.7,273.27
P005,178,female,pos100,1,100,202.7,274.38
P005,179,female,control,0,0,202.7,276.72
P005,180,female,pos100,1,100,202.7,273.68
P005,181,female,neg100,1,-100,202.7,272.84
P005,182,female,neg100,1,-100,202.7,276.06
P005,183,female,neg100,1,-100,202.7,276.43
P005,184,female,control,0,0,202.7,273.21
P005,185,female,control,0,0,202.7,275.21
P005,186,female,neg100,1,-100,202.7,277.22
P005,187,female,pos100,1,100,202.7,276.37
P005,188,female,control,0,0,202.7,276.38
P005,189,female,pos100,1,100,202.7,279.27
P005,190,female,pos100,1,100,202.7,284.14
P005,191,female,neg100,1,-100,202.7,273.48
P005,192,female,pos100,1,100,202.7,268.20
P005,193,female,pos100,1,100,202.7,271.00
P005,194,female,control,0,0,202.7,265.25
P005,195,female,control,0,0,202.7,263.66
P005,196,female,neg100,1,-100,202.7,263.17
P005,197,female,neg100,1,-100,202.7,266.16
P005,198,female,neg100,1,-100,202.7,267.06
P005,199,female,pos100,1,100,202.7,266.96
P005,200,female,pos100,1,100,202.7,268.12
P005,201,female,pos100,1,100,202.7,269.79
P005,202,female,control,0,0,202.7,268.25
P005,203,female,pos100,1,100,202.7,267.81
P005,204,female,pos100,1,100,202.7,268.96
P005,205,female,control,0,0,202.7,265.71
P005,206,female,neg100,1,-100,202.7,268.20
P005,207,female,control,0,0,202.7,270.43
P005,208,female,neg100,1,-100,202.7,268.31
P005,209,female,neg100,1,-100,202.7,272.38
P005,210,female,pos100,1,100,202.7,270.32
P005,211,female,pos100,1,100,202.7,254.62
P005,212,female,pos100,1,100,202.7,263.70
P005,213,female,control,0,0,202.7,259.65
P005,214,female,neg100,1,-100,202.7,260.17
P005,215,female,neg100,1,-100,202.7,260.81
P005,216,female,control,0,0,202.7,263.11
P006,1,male,control,0,0,202.7,121.42
P006,2,male,control,0,0,202.7,122.30
P006,3,male,control,0,0,202.7,122.52
P006,4,male,neg100,1,-100,202.7,121.78
P006,5,male,pos100,1,100,202.7,123.28
P006,6,male,pos100,1,100,202.7,122.80
P006,7,male,pos100,1,100,202.7,122.56
P006,8,male,pos100,1,100,202.7,123.74
P006,9,male,control,0,0,202.7,123.85
P006,10,male,neg100,1,-100,202.7,124.19
P006,11,male,neg100,1,-100,202.7,124.98
P006,12,male,neg100,1,-100,202.7,124.16
P006,13,male,pos100,1,100,202.7,123.61
P006,14,male,pos100,1,100,202.7,122.87
P006,15,male,neg100,1,-100,202.7,123.40
P006,16,male,pos100,1,100,202.7,121.46
P006,17,male,neg100,1,-100,202.7,126.73
P006,18,male,control,0,0,202.7,120.26
P006,19,male,control,0,0,202.7,125.81
P006,20,male,neg100,1,-100,202.7,123.34
P006,21,male,control,0,0,202.7,123.81
P006,22,male,control,0,0,202.7,125.02
P006,23,male,neg100,1,-100,202.7,124.37
P006,24,male,pos100,1,100,202.7,124.15
P006,25,male,pos100,1,100,202.7,123.75
P006,26,male,pos100,1,100,202.7,122.84
P006,27,male,neg100,1,-100,202.7,123.75
P006,28,male,neg100,1,-100,202.7,124.73
P006,29,male,control,0,0,202.7,124.86
P006,30,male,control,0,0,202.7,124.46
P006,31,male,control,0,0,202.7,126.23
P006,32,male,control,0,0,202.7,122.21
P006,33,male,control,0,0,202.7,125.21
P006,34,male,neg100,1,-100,202.7,123.51
P006,35,male,pos100,1,100,202.7,124.90
P006,36,male,pos100,1,100,202.7,125.06
P006,37,male,control,0,0,202.7,126.68
P006,38,male,neg100,1,-100,202.7,124.89
P006,39,male,neg100,1,-100,202.7,122.63
P006,40,male,control,0,0,202.7,122.56
P006,41,male,pos100,1,100,202.7,124.15
P006,42,male,control,0,0,202.7,124.35
P006,43,male,neg100,1,-100,202.7,123.54
P006,44,male,pos100,1,100,202.7,126.44
P006,45,male,pos100,1,100,202.7,124.33
P006,46,male,neg100,1,-100,202.7,124.39
P006,47,male,neg100,1,-100,202.7,125.31
P006,48,male,neg100,1,-100,202.7,123.58
P006,49,male,pos100,1,100,202.7,124.65
P006,50,male,neg100,1,-100,202.7,124.29
P006,51,male,pos100,1,100,202.7,125.09
P006,52,male,pos100,1,100,202.7,122.83
P006,53,male,pos100,1,100,202.7,114.07
P006,54,male,pos100,1,100,202.7,115.36
P006,55,male,pos100,1,100,202.7,113.64
P006,56,male,control,0,0,202.7,112.34
P006,57,male,neg100,1,-100,202.7,114.89
P006,58,male,pos100,1,100,202.7,116.46
P006,59,male,pos100,1,100,202.7,118.89
P006,60,male,pos100,1,100,202.7,117.05
P006,61,male,neg100,1,-100,202.7,118.58
P006,62,male,neg100,1,-100,202.7,114.55
P006,63,male,pos100,1,100,202.7,115.70
P006,64,male,neg100,1,-100,202.7,116.81
P006,65,male,control,0,0,202.7,117.44
P006,66,male,pos100,1,100,202.7,119.02
P006,67,male,neg100,1,-100,202.7,115.26
P006,68,male,control,0,0,202.7,118.63
P006,69,male,neg100,1,-100,202.7,118.95
P006,70,male,control,0,0,202.7,119.49
P006,71,male,control,0,0,202.7,120.61
P006,72,male,neg100,1,-100,202.7,120.17
P006,73,male,pos100,1,100,202.7,117.87
P006,74,male,control,0,0,202.7,121.05
P006,75,male,neg100,1,-100,202.7,120.82
P006,76,male,neg100,1,-100,202.7,120.41
P006,77,male,control,0,0,202.7,120.87
P006,78,male,control,0,0,202.7,121.93
P006,79,male,pos100,1,100,202.7,120.37
P006,80,male,neg100,1,-100,202.7,122.52
P006,81,male,pos100,1,100,202.7,121.82
P006,82,male,neg100,1,-100,202.7,121.08
P006,83,male,control,0,0,202.7,122.84
P006,84,male,neg100,1,-100,202.7,123.06
P006,85,male,neg100,1,-100,202.7,122.46
P006,86,male,pos100,1,100,202.7,122.50
P006,87,male,neg100,1,-100,202.7,121.10
P006,88,male,pos100,1,100,202.7,121.89
P006,89,male,control,0,0,202.7,120.05
P006,90,male,control,0,0,202.7,121.14
P006,91,male,pos100,1,100,202.7,122.79
P006,92,male,control,0,0,202.7,120.49
P006,93,male,neg100,1,-100,202.7,120.39
P006,94,male,control,0,0,202.7,119.71
P006,95,male,control,0,0,202.7,121.01
P006,96,male,control,0,0,202.7,122.60
P006,97,male,neg100,1,-100,202.7,121.75
P006,98,male,control,0,0,202.7,121.81
P006,99,male,neg100,1,-100,202.7,122.42
P006,100,male,pos100,1,100,202.7,122.83
P006,101,male,neg100,1,-100,202.7,120.72
P006,102,male,control,0,0,202.7,122.84
P006,103,male,pos100,1,100,202.7,120.23
P006,104,male,neg100,1,-100,202.7,122.20
P006,105,male,pos100,1,100,202.7,121.56
P006,106,male,control,0,0,202.7,122.26
P006,107,male,neg100,1,-100,202.7,124.56
P006,108,male,pos100,1,100,202.7,124.07
P006,109,male,pos100,1,100,202.7,121.92
P006,110,male,neg100,1,-100,202.7,123.83
P006,111,male,neg100,1,-100,202.7,122.00
P006,112,male,pos100,1,100,202.7,124.37
P006,113,male,neg100,1,-100,202.7,123.40
P006,114,male,pos100,1,100,202.7,122.09
P006,115,male,neg100,1,-100,202.7,123.58
P006,116,male,pos100,1,100,202.7,124.32
P006,117,male,pos100,1,100,202.7,122.49
P006,118,male,pos100,1,100,202.7,124.09
P006,119,male,control,0,0,202.7,122.98
P006,120,male,neg100,1,-100,202.7,126.16
P006,121,male,control,0,0,202.7,123.53
P006,122,male,neg100,1,-100,202.7,126.10
P006,123,male,control,0,0,202.7,124.22
P006,124,male,neg100,1,-100,202.7,126.70
P006,125,male,control,0,0,202.7,123.54
P006,126,male,pos100,1,100,202.7,125.22
P006,127,male,control,0,0,202.7,125.87
P006,128,male,control,0,0,202.7,123.48
P006,129,male,pos100,1,100,202.7,123.06
P006,130,male,pos100,1,100,202.7,123.75
P006,131,male,neg100,1,-100,202.7,123.09
P006,132,male,control,0,0,202.7,117.49
P006,133,male,pos100,1,100,202.7,124.02
P006,134,male,neg100,1,-100,202.7,117.46
P006,135,male,pos100,1,100,202.7,118.16
P006,136,male,pos100,1,100,202.7,119.52
P006,137,male,control,0,0,202.7,119.31
P006,138,male,control,0,0,202.7,118.37
P006,139,male,neg100,1,-100,202.7,119.10
P006,140,male,neg100,1,-100,202.7,117.26
P006,141,male,pos100,1,100,202.7,119.72
P006,142,male,pos100,1,100,202.7,120.32
P006,143,male,neg100,1,-100,202.7,120.68
P006,144,male,control,0,0,202.7,119.15
P006,145,male,control,0,0,202.7,121.48
P006,146,male,pos100,1,100,202.7,122.23
P006,147,male,control,0,0,202.7,122.03
P006,148,male,control,0,0,202.7,122.56
P006,149,male,neg100,1,-100,202.7,123.24
P006,150,male,pos100,1,100,202.7,124.35
P006,151,male,pos100,1,100,202.7,125.14
P006,152,male,neg100,1,-100,202.7,123.40
P006,153,male,neg100,1,-100,202.7,122.98
P006,154,male,neg100,1,-100,202.7,123.43
P006,155,male,control,0,0,202.7,123.92
P006,156,male,neg100,1,-100,202.7,123.40
P006,157,male,control,0,0,202.7,123.28
P006,158,male,control,0,0,202.7,123.84
P006,159,male,neg100,1,-100,202.7,123.20
P006,160,male,pos100,1,100,202.7,122.99
P006,161,male,neg100,1,-100,202.7,124.54
P006,162,male,neg100,1,-100,202.7,124.84
P006,163,male,neg100,1,-100,202.7,125.83
P006,164,male,pos100,1,100,202.7,124.60
P006,165,male,control,0,0,202.7,126.05
P006,166,male,pos100,1,100,202.7,124.60
P006,167,male,neg100,1,-100,202.7,125.35
P006,168,male,pos100,1,100,202.7,125.33
P006,169,male,pos100,1,100,202.7,124.40
P006,170,male,control,0,0,202.7,125.11
P006,171,male,pos100,1,100,202.7,124.21
P006,172,male,pos100,1,100,202.7,122.68
P006,173,male,pos100,1,100,202.7,123.93
P006,174,male,control,0,0,202.7,120.67
P006,175,male,control,0,0,202.7,123.20
P006,176,male,neg100,1,-100,202.7,120.99
P006,177,male,neg100,1,-100,202.7,124.94
P006,178,male,pos100,1,100,202.7,124.11
P006,179,male,neg100,1,-100,202.7,124.08
P006,180,male,neg100,1,-100,202.7,123.80
P006,181,male,pos100,1,100,202.7,124.97
P006,182,male,control,0,0,202.7,123.02
P006,183,male,control,0,0,202.7,124.13
P006,184,male,control,0,0,202.7,124.61
P006,185,male,pos100,1,100,202.7,124.92
P006,186,male,control,0,0,202.7,120.16
P006,187,male,pos100,1,100,202.7,123.41
P006,188,male,control,0,0,202.7,123.36
P006,189,male,neg100,1,-100,202.7,125.03
P006,190,male,pos100,1,100,202.7,124.12
P006,191,male,control,0,0,202.7,125.62
P006,192,male,neg100,1,-100,202.7,123.73
P006,193,male,neg100,1,-100,202.7,125.78
P006,194,male,neg100,1,-100,202.7,124.22
P006,195,male,pos100,1,100,202.7,123.45
P006,196,male,neg100,1,-100,202.7,124.14
P006,197,male,pos100,1,100,202.7,123.45
P006,198,male,pos100,1,100,202.7,122.67
P006,199,male,neg100,1,-100,202.7,123.33
P006,200,male,control,0,0,202.7,124.32
P006,201,male,control,0,0,202.7,124.61
P006,202,male,control,0,0,202.7,125.03
P006,203,male,control,0,0,202.7,124.25
P006,204,male,neg100,1,-100,202.7,123.67
P006,205,male,pos100,1,100,202.7,125.72
P006,206,male,pos100,1,100,202.7,124.47
P006,207,male,neg100,1,-100,202.7,123.68
P006,208,male,pos100,1,100,202.7,126.44
P006,209,male,neg100,1,-100,202.7,125.72
P006,210,male,control,0,0,202.7,123.74
P006,211,male,pos100,1,100,202.7,125.38
P006,212,male,control,0,0,202.7,123.52
P006,213,male,pos100,1,100,202.7,126.18
P006,214,male,neg100,1,-100,202.7,121.81
P006,215,male,neg100,1,-100,202.7,123.04
P006,216,male,pos100,1,100,202.7,122.82
P006,217,male,neg100,1,-100,202.7,124.25
P006,218,male,pos100,1,100,202.7,121.96
P006,219,male,control,0,0,202.7,123.04
P006,220,male,pos100,1,100,202.7,121.09
P006,221,male,neg100,1,-100,202.7,123.30
P006,222,male,control,0,0,202.7,116.78
P006,223,male,pos100,1,100,202.7,120.20
P006,224,male,control,0,0,202.7,117.15
P006,225,male,pos100,1,100,202.7,118.74
P006,226,male,neg100,1,-100,202.7,116.84
P006,227,male,neg100,1,-100,202.7,119.15
P007,1,male,neg100,1,-100,202.7,118.69
P007,2,male,pos100,1,100,202.7,119.04
P007,3,male,neg100,1,-100,202.7,120.49
P007,4,male,control,0,0,202.7,122.70
P007,5,male,pos100,1,100,202.7,122.31
P007,6,male,neg100,1,-100,202.7,121.45
P007,7,male,pos100,1,100,202.7,121.59
P007,8,male,control,0,0,202.7,121.00
P007,9,male,neg100,1,-100,202.7,122.34
P007,10,male,pos100,1,100,202.7,122.07
P007,11,male,control,0,0,202.7,121.36
P007,12,male,neg100,1,-100,202.7,117.55
P007,13,male,neg100,1,-100,202.7,119.35
P007,14,male,neg100,1,-100,202.7,118.91
P007,15,male,neg100,1,-100,202.7,117.86
P007,16,male,control,0,0,202.7,118.11
P007,17,male,control,0,0,202.7,119.12
P007,18,male,pos100,1,100,202.7,117.71
P007,19,male,pos100,1,100,202.7,119.17
P007,20,male,pos100,1,100,202.7,120.76
P007,21,male,control,0,0,202.7,118.58
P007,22,male,control,0,0,202.7,118.55
P007,23,male,control,0,0,202.7,118.86
P007,24,male,pos100,1,100,202.7,119.19
P007,25,male,neg100,1,-100,202.7,120.06
P007,26,male,pos100,1,100,202.7,119.66
P007,27,male,pos100,1,100,202.7,117.60
P007,28,male,neg100,1,-100,202.7,118.66
P007,29,male,neg100,1,-100,202.7,117.74
P007,30,male,pos100,1,100,202.7,120.30
P007,31,male,neg100,1,-100,202.7,119.00
P007,32,male,pos100,1,100,202.7,119.18
P007,33,male,control,0,0,202.7,119.27
P007,34,male,control,0,0,202.7,119.97
P007,35,male,neg100,1,-100,202.7,120.80
P007,36,male,neg100,1,-100,202.7,118.10
P007,37,male,pos100,1,100,202.7,118.07
P007,38,male,pos100,1,100,202.7,117.36
P007,39,male,neg100,1,-100,202.7,118.80
P007,40,male,control,0,0,202.7,119.49
P007,41,male,neg100,1,-100,202.7,119.91
P007,42,male,control,0,0,202.7,121.13
P007,43,male,neg100,1,-100,202.7,119.42
P007,44,male,pos100,1,100,202.7,121.19
P007,45,male,pos100,1,100,202.7,118.39
P007,46,male,pos100,1,100,202.7,119.47
P007,47,male,control,0,0,202.7,122.79
P007,48,male,control,0,0,202.7,120.20
P007,49,male,pos100,1,100,202.7,119.01
P007,50,male,control,0,0,202.7,123.08
P007,51,male,neg100,1,-100,202.7,118.90
P007,52,male,control,0,0,202.7,116.22
P007,53,male,control,0,0,202.7,117.35
P007,54,male,pos100,1,100,202.7,119.32
P007,55,male,control,0,0,202.7,119.06
P007,56,male,pos100,1,100,202.7,119.51
P007,57,male,pos100,1,100,202.7,117.29
P007,58,male,pos100,1,100,202.7,116.55
P007,59,male,neg100,1,-100,202.7,118.48
P007,60,male,neg100,1,-100,202.7,117.73
P007,61,male,control,0,0,202.7,120.89
P007,62,male,pos100,1,100,202.7,117.11
P007,63,male,control,0,0,202.7,118.20
P007,64,male,neg100,1,-100,202.7,117.94
P007,65,male,pos100,1,100,202.7,117.35
P007,66,male,neg100,1,-100,202.7,118.08
P007,67,male,pos100,1,100,202.7,116.04
P007,68,male,neg100,1,-100,202.7,117.02
P007,69,male,control,0,0,202.7,118.01
P007,70,male,neg100,1,-100,202.7,117.46
P007,71,male,neg100,1,-100,202.7,119.23
P007,72,male,pos100,1,100,202.7,118.53
P007,73,male,neg100,1,-100,202.7,119.18
P007,74,male,pos100,1,100,202.7,117.38
P007,75,male,control,0,0,202.7,117.78
P007,76,male,neg100,1,-100,202.7,118.85
P007,77,male,pos100,1,100,202.7,117.50
P007,78,male,pos100,1,100,202.7,118.62
P007,79,male,control,0,0,202.7,117.62
P007,80,male,pos100,1,100,202.7,117.34
P007,81,male,control,0,0,202.7,118.62
P007,82,male,control,0,0,202.7,119.02
P007,83,male,control,0,0,202.7,118.05
P007,84,male,pos100,1,100,202.7,117.96
P007,85,male,control,0,0,202.7,115.71
P007,86,male,neg100,1,-100,202.7,115.11
P007,87,male,neg100,1,-100,202.7,118.38
P007,88,male,neg100,1,-100,202.7,118.76
P007,89,male,neg100,1,-100,202.7,120.94
P007,90,male,pos100,1,100,202.7,117.78
P007,91,male,neg100,1,-100,202.7,118.31
P007,92,male,control,0,0,202.7,114.35
P007,93,male,neg100,1,-100,202.7,117.47
P007,94,male,pos100,1,100,202.7,117.37
P007,95,male,neg100,1,-100,202.7,119.01
P007,96,male,control,0,0,202.7,119.70
P007,97,male,neg100,1,-100,202.7,117.88
P007,98,male,neg100,1,-100,202.7,118.79
P007,99,male,pos100,1,100,202.7,120.12
P007,100,male,control,0,0,202.7,121.70
P007,101,male,pos100,1,100,202.7,117.70
P007,102,male,pos100,1,100,202.7,117.79
P007,103,male,neg100,1,-100,202.7,119.46
P007,104,male,pos100,1,100,202.7,116.92
P007,105,male,control,0,0,202.7,118.48
P007,106,male,pos100,1,100,202.7,118.52
P007,107,male,pos100,1,100,202.7,121.51
P007,108,male,control,0,0,202.7,119.92
P007,109,male,neg100,1,-100,202.7,120.33
P007,110,male,neg100,1,-100,202.7,122.22
P007,111,male,control,0,0,202.7,117.63
P007,112,male,control,0,0,202.7,117.72
P007,113,male,pos100,1,100,202.7,119.87
P007,114,male,neg100,1,-100,202.7,117.70
P007,115,male,neg100,1,-100,202.7,118.98
P007,116,male,pos100,1,100,202.7,118.75
P007,117,male,control,0,0,202.7,118.69
P007,118,male,pos100,1,100,202.7,118.39
P007,119,male,neg100,1,-100,202.7,119.67
P007,120,male,control,0,0,202.7,117.86
P007,121,male,neg100,1,-100,202.7,118.27
P007,122,male,pos100,1,100,202.7,117.70
P007,123,male,control,0,0,202.7,115.93
P007,124,male,neg100,1,-100,202.7,116.79
P007,125,male,control,0,0,202.7,116.98
P007,126,male,neg100,1,-100,202.7,119.67
P007,127,male,control,0,0,202.7,118.34
P007,128,male,pos100,1,100,202.7,116.71
P007,129,male,neg100,1,-100,202.7,118.29
P007,130,male,pos100,1,100,202.7,119.17
P007,131,male,control,0,0,202.7,121.07
P007,132,male,pos100,1,100,202.7,120.97
P007,133,male,pos100,1,100,202.7,120.59
P007,134,male,control,0,0,202.7,118.80
P007,135,male,control,0,0,202.7,118.05
P007,136,male,pos100,1,100,202.7,120.31
P007,137,male,neg100,1,-100,202.7,119.62
P007,138,male,pos100,1,100,202.7,118.41
P007,139,male,neg100,1,-100,202.7,121.98
P007,140,male,neg100,1,-100,202.7,122.19
P007,141,male,control,0,0,202.7,123.06
P007,142,male,control,0,0,202.7,119.36
P007,143,male,pos100,1,100,202.7,120.85
P007,144,male,control,0,0,202.7,120.28
P007,145,male,neg100,1,-100,202.7,122.45
P007,146,male,pos100,1,100,202.7,120.99
P007,147,male,neg100,1,-100,202.7,120.45
P007,148,male,neg100,1,-100,202.7,121.64
P007,149,male,neg100,1,-100,202.7,120.40
P007,150,male,neg100,1,-100,202.7,121.51
P007,151,male,pos100,1,100,202.7,120.26
P007,152,male,control,0,0,202.7,119.75
P007,153,male,pos100,1,100,202.7,120.23
P007,154,male,pos100,1,100,202.7,122.96
P007,155,male,pos100,1,100,202.7,118.77
P007,156,male,pos100,1,100,202.7,117.74
P007,157,male,pos100,1,100,202.7,119.88
P007,158,male,control,0,0,202.7,126.32
P007,159,male,neg100,1,-100,202.7,122.97
P007,160,male,control,0,0,202.7,121.35
P007,161,male,neg100,1,-100,202.7,120.80
P007,162,male,control,0,0,202.7,121.79
P007,163,male,neg100,1,-100,202.7,125.04
P007,164,male,neg100,1,-100,202.7,123.44
P007,165,male,pos100,1,100,202.7,132.48
P007,166,male,control,0,0,202.7,124.83
P007,167,male,neg100,1,-100,202.7,123.14
P007,168,male,control,0,0,202.7,122.29
P007,169,male,pos100,1,100,202.7,123.65
P007,170,male,control,0,0,202.7,123.10
P007,171,male,pos100,1,100,202.7,114.96
P007,172,male,control,0,0,202.7,117.00
P007,173,male,neg100,1,-100,202.7,116.44
P007,174,male,pos100,1,100,202.7,115.21
P007,175,male,pos100,1,100,202.7,116.69
P007,176,male,pos100,1,100,202.7,117.06
P007,177,male,control,0,0,202.7,114.84
P007,178,male,neg100,1,-100,202.7,115.45
P007,179,male,neg100,1,-100,202.7,117.04
P007,180,male,control,0,0,202.7,118.36
P007,181,male,neg100,1,-100,202.7,116.37
P007,182,male,pos100,1,100,202.7,119.12
P007,183,male,neg100,1,-100,202.7,116.30
P007,184,male,neg100,1,-100,202.7,117.51
P007,185,male,control,0,0,202.7,115.34
P007,186,male,pos100,1,100,202.7,115.46
P007,187,male,pos100,1,100,202.7,116.57
P007,188,male,control,0,0,202.7,116.69
P007,189,male,pos100,1,100,202.7,117.39
P007,190,male,pos100,1,100,202.7,119.87
P007,191,male,neg100,1,-100,202.7,117.07
P007,192,male,neg100,1,-100,202.7,118.30
P007,193,male,control,0,0,202.7,116.22
P007,194,male,control,0,0,202.7,116.68
P007,195,male,neg100,1,-100,202.7,116.01
P007,196,male,neg100,1,-100,202.7,116.49
P007,197,male,control,0,0,202.7,117.88
P007,198,male,pos100,1,100,202.7,116.41
P007,199,male,pos100,1,100,202.7,117.97
P007,200,male,pos100,1,100,202.7,116.45
P007,201,male,neg100,1,-100,202.7,118.95
P007,202,male,pos100,1,100,202.7,118.91
P007,203,male,control,0,0,202.7,120.79
P007,204,male,control,0,0,202.7,120.04
P007,205,male,pos100,1,100,202.7,120.08
P007,206,male,neg100,1,-100,202.7,119.63
P007,207,male,neg100,1,-100,202.7,118.16
P007,208,male,control,0,0,202.7,119.42
P007,209,male,control,0,0,202.7,119.78
P007,210,male,neg100,1,-100,202.7,119.24
P007,211,male,control,0,0,202.7,119.58
P007,212,male,pos100,1,100,202.7,118.45
P007,213,male,pos100,1,100,202.7,117.60
P007,214,male,control,0,0,202.7,121.71
P007,215,male,pos100,1,100,202.7,122.15
P007,216,male,neg100,1,-100,202.7,123.20
P007,217,male,neg100,1,-100,202.7,119.58
P007,218,male,neg100,1,-100,202.7,120.80
P007,219,male,pos100,1,100,202.7,123.76
P007,220,male,control,0,0,202.7,121.44
P007,221,male,neg100,1,-100,202.7,129.67
P007,222,male,control,0,0,202.7,120.25
P007,223,male,neg100,1,-100,202.7,122.34
P007,224,male,pos100,1,100,202.7,125.00
P007,225,male,pos100,1,100,202.7,120.02
P008,1,male,pos100,1,100,202.7,124.45
P008,2,male,control,0,0,202.7,118.12
P008,3,male,pos100,1,100,202.7,121.51
P008,4,male,neg100,1,-100,202.7,115.56
P008,5,male,neg100,1,-100,202.7,115.91
P008,6,male,control,0,0,202.7,119.10
P008,7,male,control,0,0,202.7,116.01
P008,8,male,control,0,0,202.7,116.14
P008,9,male,control,0,0,202.7,118.08
P008,10,male,pos100,1,100,202.7,119.98
P008,11,male,pos100,1,100,202.7,116.19
P008,12,male,neg100,1,-100,202.7,118.40
P008,13,male,pos100,1,100,202.7,115.50
P008,14,male,pos100,1,100,202.7,114.58
P008,15,male,neg100,1,-100,202.7,118.33
P008,16,male,control,0,0,202.7,116.30
P008,17,male,neg100,1,-100,202.7,117.06
P008,18,male,pos100,1,100,202.7,117.03
P008,19,male,control,0,0,202.7,114.80
P008,20,male,neg100,1,-100,202.7,116.40
P008,21,male,neg100,1,-100,202.7,114.22
P008,22,male,pos100,1,100,202.7,113.62
P008,23,male,pos100,1,100,202.7,115.71
P008,24,male,pos100,1,100,202.7,114.41
P008,25,male,pos100,1,100,202.7,111.75
P008,26,male,control,0,0,202.7,109.67
P008,27,male,neg100,1,-100,202.7,112.66
P008,28,male,control,0,0,202.7,113.73
P008,29,male,control,0,0,202.7,108.64
P008,30,male,pos100,1,100,202.7,110.39
P008,31,male,pos100,1,100,202.7,110.48
P008,32,male,neg100,1,-100,202.7,111.59
P008,33,male,pos100,1,100,202.7,108.94
P008,34,male,neg100,1,-100,202.7,107.16
P008,35,male,neg100,1,-100,202.7,112.04
P008,36,male,neg100,1,-100,202.7,110.17
P008,37,male,neg100,1,-100,202.7,110.98
P008,38,male,control,0,0,202.7,117.29
P008,39,male,control,0,0,202.7,122.58
P008,40,male,neg100,1,-100,202.7,115.70
P008,41,male,neg100,1,-100,202.7,115.38
P008,42,male,pos100,1,100,202.7,119.43
P008,43,male,pos100,1,100,202.7,113.09
P008,44,male,neg100,1,-100,202.7,111.73
P008,45,male,neg100,1,-100,202.7,112.59
P008,46,male,neg100,1,-100,202.7,111.50
P008,47,male,pos100,1,100,202.7,112.75
P008,48,male,neg100,1,-100,202.7,114.99
P008,49,male,control,0,0,202.7,117.11
P008,50,male,control,0,0,202.7,116.13
P008,51,male,control,0,0,202.7,116.23
P008,52,male,control,0,0,202.7,117.97
P008,53,male,neg100,1,-100,202.7,116.91
P008,54,male,neg100,1,-100,202.7,113.60
P008,55,male,control,0,0,202.7,114.81
P008,56,male,control,0,0,202.7,113.79
P008,57,male,neg100,1,-100,202.7,118.50
P008,58,male,neg100,1,-100,202.7,114.83
P008,59,male,control,0,0,202.7,113.94
P008,60,male,neg100,1,-100,202.7,111.98
P008,61,male,control,0,0,202.7,112.68
P008,62,male,pos100,1,100,202.7,111.68
P008,63,male,neg100,1,-100,202.7,110.05
P008,64,male,control,0,0,202.7,109.76
P008,65,male,neg100,1,-100,202.7,110.40
P008,66,male,pos100,1,100,202.7,109.07
P008,67,male,neg100,1,-100,202.7,112.63
P008,68,male,pos100,1,100,202.7,112.84
P008,69,male,control,0,0,202.7,112.96
P008,70,male,pos100,1,100,202.7,107.88
P008,71,male,pos100,1,100,202.7,109.84
P008,72,male,neg100,1,-100,202.7,106.73
P008,73,male,pos100,1,100,202.7,107.21
P008,74,male,pos100,1,100,202.7,111.10
P008,75,male,pos100,1,100,202.7,108.84
P008,76,male,pos100,1,100,202.7,105.97
P008,77,male,pos100,1,100,202.7,105.00
P008,78,male,control,0,0,202.7,106.57
P008,79,male,control,0,0,202.7,108.37
P008,80,male,pos100,1,100,202.7,111.33
P008,81,male,pos100,1,100,202.7,108.41
P008,82,male,pos100,1,100,202.7,110.36
P008,83,male,neg100,1,-100,202.7,110.48
P008,84,male,pos100,1,100,202.7,107.35
P008,85,male,pos100,1,100,202.7,105.96
P008,86,male,pos100,1,100,202.7,108.85
P008,87,male,neg100,1,-100,202.7,107.00
P008,88,male,pos100,1,100,202.7,108.50
P008,89,male,neg100,1,-100,202.7,104.92
P008,90,male,pos100,1,100,202.7,104.73
P008,91,male,neg100,1,-100,202.7,105.47
P008,92,male,neg100,1,-100,202.7,107.22
P008,93,male,control,0,0,202.7,107.00
P008,94,male,neg100,1,-100,202.7,108.58
P008,95,male,control,0,0,202.7,108.27
P008,96,male,neg100,1,-100,202.7,109.25
P008,97,male,neg100,1,-100,202.7,109.90
P008,98,male,neg100,1,-100,202.7,107.00
P008,99,male,control,0,0,202.7,108.39
P008,100,male,neg100,1,-100,202.7,106.78
P008,101,male,control,0,0,202.7,111.77
P008,102,male,pos100,1,100,202.7,111.74
P008,103,male,neg100,1,-100,202.7,105.46
P008,104,male,pos100,1,100,202.7,106.97
P008,105,male,control,0,0,202.7,109.57
P008,106,male,pos100,1,100,202.7,110.52
P008,107,male,pos100,1,100,202.7,108.59
P008,108,male,pos100,1,100,202.7,108.78
P008,109,male,control,0,0,202.7,109.71
P008,110,male,control,0,0,202.7,106.29
P008,111,male,control,0,0,202.7,109.50
P008,112,male,pos100,1,100,202.7,100.34
P008,113,male,neg100,1,-100,202.7,104.77
P008,114,male,control,0,0,202.7,108.78
P008,115,male,neg100,1,-100,202.7,107.47
P008,116,male,neg100,1,-100,202.7,108.59
P008,117,male,pos100,1,100,202.7,110.25
P008,118,male,control,0,0,202.7,107.16
P008,119,male,control,0,0,202.7,106.90
P008,120,male,control,0,0,202.7,109.50
P008,121,male,control,0,0,202.7,108.64
P008,122,male,control,0,0,202.7,108.80
P008,123,male,control,0,0,202.7,108.26
P008,124,male,pos100,1,100,202.7,105.08
P008,125,male,pos100,1,100,202.7,108.71
P008,126,male,pos100,1,100,202.7,106.34
P008,127,male,pos100,1,100,202.7,105.55
P008,128,male,control,0,0,202.7,102.35
P008,129,male,neg100,1,-100,202.7,103.23
P008,130,male,neg100,1,-100,202.7,99.86
P008,131,male,control,0,0,202.7,103.90
P008,132,male,control,0,0,202.7,106.67
P008,133,male,neg100,1,-100,202.7,106.69
P008,134,male,pos100,1,100,202.7,100.80
P008,135,male,control,0,0,202.7,103.73
P008,136,male,pos100,1,100,202.7,103.08
P008,137,male,neg100,1,-100,202.7,105.35
P008,138,male,pos100,1,100,202.7,101.72
P008,139,male,pos100,1,100,202.7,101.38
P008,140,male,neg100,1,-100,202.7,102.01
P008,141,male,control,0,0,202.7,102.94
P008,142,male,neg100,1,-100,202.7,100.69
P008,143,male,control,0,0,202.7,100.50
P008,144,male,neg100,1,-100,202.7,102.25
P008,145,male,pos100,1,100,202.7,100.46
P008,146,male,neg100,1,-100,202.7,101.65
P008,147,male,control,0,0,202.7,101.23
P008,148,male,neg100,1,-100,202.7,100.80
P008,149,male,neg100,1,-100,202.7,99.99
P008,150,male,pos100,1,100,202.7,104.75
P008,151,male,neg100,1,-100,202.7,105.17
P008,152,male,neg100,1,-100,202.7,104.68
P008,153,male,pos100,1,100,202.7,105.21
P008,154,male,pos100,1,100,202.7,104.78
P008,155,male,pos100,1,100,202.7,102.11
P008,156,male,pos100,1,100,202.7,104.52
P008,157,male,control,0,0,202.7,103.78
P008,158,male,neg100,1,-100,202.7,101.75
P008,159,male,control,0,0,202.7,103.49
P008,160,male,neg100,1,-100,202.7,102.49
P008,161,male,pos100,1,100,202.7,109.44
P008,162,male,pos100,1,100,202.7,109.87
P008,163,male,control,0,0,202.7,107.45
P008,164,male,neg100,1,-100,202.7,107.56
P008,165,male,neg100,1,-100,202.7,115.08
P008,166,male,neg100,1,-100,202.7,112.90
P008,167,male,neg100,1,-100,202.7,114.15
P008,168,male,pos100,1,100,202.7,112.55
P008,169,male,neg100,1,-100,202.7,114.04
P008,170,male,neg100,1,-100,202.7,112.65
P008,171,male,neg100,1,-100,202.7,109.97
P008,172,male,pos100,1,100,202.7,109.88
P008,173,male,control,0,0,202.7,108.90
P008,174,male,pos100,1,100,202.7,107.76
P008,175,male,pos100,1,100,202.7,107.43
P008,176,male,pos100,1,100,202.7,109.67
P008,177,male,pos100,1,100,202.7,107.57
P008,178,male,neg100,1,-100,202.7,115.96
P008,179,male,control,0,0,202.7,108.79
P008,180,male,pos100,1,100,202.7,109.60
P008,181,male,neg100,1,-100,202.7,110.96
P008,182,male,control,0,0,202.7,108.99
P008,183,male,pos100,1,100,202.7,111.52
P008,184,male,pos100,1,100,202.7,110.51
P008,185,male,control,0,0,202.7,109.66
P008,186,male,control,0,0,202.7,113.16
P008,187,male,neg100,1,-100,202.7,106.56
P008,188,male,neg100,1,-100,202.7,107.77
P008,189,male,pos100,1,100,202.7,109.19
P008,190,male,control,0,0,202.7,110.92
P008,191,male,pos100,1,100,202.7,104.64
P008,192,male,pos100,1,100,202.7,105.28
P008,193,male,neg100,1,-100,202.7,101.25
P008,194,male,control,0,0,202.7,100.47
P008,195,male,pos100,1,100,202.7,101.83
P008,196,male,pos100,1,100,202.7,96.77
P008,197,male,neg100,1,-100,202.7,102.01
P008,198,male,control,0,0,202.7,100.04
P008,199,male,control,0,0,202.7,100.74
P008,200,male,control,0,0,202.7,102.41
P008,201,male,control,0,0,202.7,100.76
P008,202,male,neg100,1,-100,202.7,99.43
P008,203,male,pos100,1,100,202.7,98.66
P008,204,male,pos100,1,100,202.7,98.46
P008,205,male,control,0,0,202.7,101.16
P008,206,male,control,0,0,202.7,101.13
P008,207,male,control,0,0,202.7,101.44
P008,208,male,neg100,1,-100,202.7,99.33
P008,209,male,neg100,1,-100,202.7,98.84
P008,210,male,control,0,0,202.7,101.77
P008,211,male,pos100,1,100,202.7,101.06
P008,212,male,neg100,1,-100,202.7,103.07
P008,213,male,neg100,1,-100,202.7,105.42
P008,214,male,pos100,1,100,202.7,105.03
P008,215,male,control,0,0,202.7,119.13
P008,216,male,control,0,0,202.7,117.76
P008,217,male,neg100,1,-100,202.7,119.09
P008,218,male,pos100,1,100,202.7,124.57
P008,219,male,pos100,1,100,202.7,124.51
P008,220,male,neg100,1,-100,202.7,120.43
P009,1,female,pos100,1,100,202.7,282.15
P009,2,female,pos100,1,100,202.7,277.37
P009,3,female,neg100,1,-100,202.7,280.75
P009,4,female,pos100,1,100,202.7,277.53
P009,5,female,neg100,1,-100,202.7,274.99
P009,6,female,control,0,0,202.7,276.66
P009,7,female,control,0,0,202.7,276.46
P009,8,female,neg100,1,-100,202.7,280.56
P009,9,female,control,0,0,202.7,283.38
P009,10,female,control,0,0,202.7,283.59
P009,11,female,neg100,1,-100,202.7,283.69
P009,12,female,pos100,1,100,202.7,282.23
P009,13,female,pos100,1,100,202.7,283.15
P009,14,female,pos100,1,100,202.7,283.79
P009,15,female,neg100,1,-100,202.7,284.23
P009,16,female,neg100,1,-100,202.7,287.08
P009,17,female,control,0,0,202.7,299.59
P009,18,female,control,0,0,202.7,297.41
P009,19,female,control,0,0,202.7,294.92
P009,20,female,control,0,0,202.7,295.31
P009,21,female,control,0,0,202.7,291.69
P009,22,female,neg100,1,-100,202.7,294.36
P009,23,female,pos100,1,100,202.7,293.95
P009,24,female,pos100,1,100,202.7,291.36
P009,25,female,control,0,0,202.7,288.12
P009,26,female,neg100,1,-100,202.7,286.16
P009,27,female,neg100,1,-100,202.7,285.41
P009,28,female,control,0,0,202.7,285.23
P009,29,female,pos100,1,100,202.7,295.15
P009,30,female,control,0,0,202.7,288.64
P009,31,female,neg100,1,-100,202.7,289.04
P009,32,female,pos100,1,100,202.7,291.03
P009,33,female,pos100,1,100,202.7,294.33
P009,34,female,neg100,1,-100,202.7,294.61
P009,35,female,neg100,1,-100,202.7,292.40
P009,36,female,neg100,1,-100,202.7,293.34
P009,37,female,pos100,1,100,202.7,288.48
P009,38,female,neg100,1,-100,202.7,290.87
P009,39,female,pos100,1,100,202.7,287.32
P009,40,female,pos100,1,100,202.7,291.01
P009,41,female,pos100,1,100,202.7,289.82
P009,42,female,pos100,1,100,202.7,295.73
P009,43,female,pos100,1,100,202.7,288.56
P009,44,female,control,0,0,202.7,295.71
P009,45,female,neg100,1,-100,202.7,291.81
P009,46,female,pos100,1,100,202.7,296.15
P009,47,female,pos100,1,100,202.7,294.47
P009,48,female,pos100,1,100,202.7,293.96
P009,49,female,neg100,1,-100,202.7,295.70
P009,50,female,neg100,1,-100,202.7,298.07
P009,51,female,pos100,1,100,202.7,295.32
P009,52,female,neg100,1,-100,202.7,293.77
P009,53,female,control,0,0,202.7,296.30
P009,54,female,pos100,1,100,202.7,296.47
P009,55,female,neg100,1,-100,202.7,297.55
P009,56,female,control,0,0,202.7,298.49
P009,57,female,neg100,1,-100,202.7,298.35
P009,58,female,control,0,0,202.7,302.28
P009,59,female,control,0,0,202.7,298.11
P009,60,female,neg100,1,-100,202.7,299.07
P009,61,female,pos100,1,100,202.7,299.83
P009,62,female,control,0,0,202.7,298.20
P009,63,female,neg100,1,-100,202.7,297.32
P009,64,female,neg100,1,-100,202.7,300.75
P009,65,female,control,0,0,202.7,298.99
P009,66,female,control,0,0,202.7,298.46
P009,67,female,pos100,1,100,202.7,298.44
P009,68,female,neg100,1,-100,202.7,298.35
P009,69,female,pos100,1,100,202.7,300.61
P009,70,female,neg100,1,-100,202.7,298.56
P009,71,female,control,0,0,202.7,301.43
P009,72,female,neg100,1,-100,202.7,303.02
P009,73,female,neg100,1,-100,202.7,302.65
P009,74,female,pos100,1,100,202.7,303.57
P009,75,female,neg100,1,-100,202.7,304.34
P009,76,female,pos100,1,100,202.7,306.06
P009,77,female,control,0,0,202.7,303.99
P009,78,female,control,0,0,202.7,305.94
P009,79,female,pos100,1,100,202.7,304.62
P009,80,female,control,0,0,202.7,299.54
P009,81,female,neg100,1,-100,202.7,287.50
P009,82,female,control,0,0,202.7,282.52
P009,83,female,pos100,1,100,202.7,281.92
P009,84,female,control,0,0,202.7,280.22
P009,85,female,control,0,0,202.7,282.77
P009,86,female,neg100,1,-100,202.7,279.76
P009,87,female,control,0,0,202.7,285.10
P009,88,female,neg100,1,-100,202.7,284.06
P009,89,female,pos100,1,100,202.7,287.52
P009,90,female,neg100,1,-100,202.7,285.42
P009,91,female,control,0,0,202.7,284.21
P009,92,female,pos100,1,100,202.7,290.93
P009,93,female,neg100,1,-100,202.7,284.36
P009,94,female,pos100,1,100,202.7,282.29
P009,95,female,control,0,0,202.7,283.31
P009,96,female,neg100,1,-100,202.7,286.23
P009,97,female,pos100,1,100,202.7,284.09
P009,98,female,pos100,1,100,202.7,292.04
P009,99,female,neg100,1,-100,202.7,289.63
P009,100,female,neg100,1,-100,202.7,290.56
P009,101,female,pos100,1,100,202.7,286.44
P009,102,female,neg100,1,-100,202.7,289.61
P009,103,female,pos100,1,100,202.7,286.72
P009,104,female,neg100,1,-100,202.7,286.69
P009,105,female,pos100,1,100,202.7,287.56
P009,106,female,pos100,1,100,202.7,289.68
P009,107,female,pos100,1,100,202.7,285.34
P009,108,female,control,0,0,202.7,292.70
P009,109,female,neg100,1,-100,202.7,289.71
P009,110,female,control,0,0,202.7,295.32
P009,111,female,neg100,1,-100,202.7,295.45
P009,112,female,control,0,0,202.7,291.11
P009,113,female,neg100,1,-100,202.7,290.36
P009,114,female,control,0,0,202.7,295.26
P009,115,female,pos100,1,100,202.7,295.69
P009,116,female,control,0,0,202.7,295.75
P009,117,female,control,0,0,202.7,291.05
P009,118,female,pos100,1,100,202.7,300.09
P009,119,female,pos100,1,100,202.7,291.65
P009,120,female,neg100,1,-100,202.7,292.23
P009,121,female,control,0,0,202.7,285.06
P009,122,female,neg100,1,-100,202.7,285.21
P009,123,female,pos100,1,100,202.7,283.68
P009,124,female,pos100,1,100,202.7,285.05
P009,125,female,control,0,0,202.7,286.81
P009,126,female,control,0,0,202.7,282.96
P009,127,female,neg100,1,-100,202.7,284.80
P009,128,female,neg100,1,-100,202.7,287.68
P009,129,female,pos100,1,100,202.7,282.70
P009,130,female,pos100,1,100,202.7,284.64
P009,131,female,neg100,1,-100,202.7,281.19
P009,132,female,control,0,0,202.7,276.71
P009,133,female,control,0,0,202.7,277.34
P009,134,female,pos100,1,100,202.7,278.66
P009,135,female,control,0,0,202.7,276.92
P009,136,female,control,0,0,202.7,277.50
P009,137,female,neg100,1,-100,202.7,279.23
P009,138,female,pos100,1,100,202.7,276.22
P009,139,female,pos100,1,100,202.7,278.55
P009,140,female,neg100,1,-100,202.7,278.29
P009,141,female,neg100,1,-100,202.7,281.26
P009,142,female,neg100,1,-100,202.7,281.30
P009,143,female,control,0,0,202.7,277.77
P009,144,female,neg100,1,-100,202.7,273.89
P009,145,female,control,0,0,202.7,274.66
P009,146,female,control,0,0,202.7,276.59
P009,147,female,neg100,1,-100,202.7,276.06
P009,148,female,pos100,1,100,202.7,276.33
P009,149,female,neg100,1,-100,202.7,279.10
P009,150,female,neg100,1,-100,202.7,274.77
P009,151,female,neg100,1,-100,202.7,277.03
P009,152,female,pos100,1,100,202.7,278.62
P009,153,female,control,0,0,202.7,278.20
P009,154,female,pos100,1,100,202.7,276.59
P009,155,female,neg100,1,-100,202.7,276.09
P009,156,female,pos100,1,100,202.7,270.21
P009,157,female,pos100,1,100,202.7,273.54
P009,158,female,control,0,0,202.7,274.35
P009,159,female,pos100,1,100,202.7,273.71
P009,160,female,pos100,1,100,202.7,289.40
P009,161,female,pos100,1,100,202.7,294.69
P009,162,female,control,0,0,202.7,291.40
P009,163,female,control,0,0,202.7,294.46
P009,164,female,neg100,1,-100,202.7,291.74
P009,165,female,neg100,1,-100,202.7,295.86
P009,166,female,pos100,1,100,202.7,303.62
P009,167,female,neg100,1,-100,202.7,291.74
P009,168,female,neg100,1,-100,202.7,295.73
P009,169,female,pos100,1,100,202.7,300.63
P009,170,female,control,0,0,202.7,295.55
P009,171,female,control,0,0,202.7,297.86
P009,172,female,control,0,0,202.7,298.70
P009,173,female,pos100,1,100,202.7,297.91
P009,174,female,control,0,0,202.7,299.23
P009,175,female,pos100,1,100,202.7,298.80
P009,176,female,control,0,0,202.7,300.39
P009,177,female,neg100,1,-100,202.7,297.37
P009,178,female,pos100,1,100,202.7,298.57
P009,179,female,control,0,0,202.7,301.67
P009,180,female,neg100,1,-100,202.7,299.60
P009,181,female,neg100,1,-100,202.7,298.32
P009,182,female,neg100,1,-100,202.7,296.29
P009,183,female,pos100,1,100,202.7,299.06
P009,184,female,neg100,1,-100,202.7,294.20
P009,185,female,pos100,1,100,202.7,301.81
P009,186,female,pos100,1,100,202.7,301.68
P009,187,female,neg100,1,-100,202.7,301.05
P009,188,female,control,0,0,202.7,298.50
P009,189,female,control,0,0,202.7,296.91
P009,190,female,control,0,0,202.7,296.55
P009,191,female,control,0,0,202.7,295.47
P009,192,female,neg100,1,-100,202.7,293.78
P009,193,female,pos100,1,100,202.7,296.16
P009,194,female,pos100,1,100,202.7,299.26
P009,195,female,neg100,1,-100,202.7,296.25
P009,196,female,pos100,1,100,202.7,296.53
P009,197,female,neg100,1,-100,202.7,298.78
P009,198,female,control,0,0,202.7,299.97
P009,199,female,pos100,1,100,202.7,299.85
P009,200,female,control,0,0,202.7,298.89
P009,201,female,pos100,1,100,202.7,306.50
P009,202,female,neg100,1,-100,202.7,296.88
P009,203,female,neg100,1,-100,202.7,297.75
P009,204,female,pos100,1,100,202.7,303.12
P009,205,female,neg100,1,-100,202.7,299.98
P009,206,female,pos100,1,100,202.7,298.24
P009,207,female,control,0,0,202.7,299.69
P009,208,female,pos100,1,100,202.7,300.15
P009,209,female,neg100,1,-100,202.7,287.80
P009,210,female,neg100,1,-100,202.7,283.54
P009,211,female,pos100,1,100,202.7,280.62
P009,212,female,neg100,1,-100,202.7,281.57
P009,213,female,pos100,1,100,202.7,277.76
P009,214,female,control,0,0,202.7,281.90
P009,215,female,control,0,0,202.7,301.16
P009,216,female,pos100,1,100,202.7,306.90
P009,217,female,control,0,0,202.7,305.20
P009,218,female,pos100,1,100,202.7,307.82
P009,219,female,neg100,1,-100,202.7,304.78
P009,220,female,neg100,1,-100,202.7,305.32
P010,1,female,neg100,1,-100,202.7,223.51
P010,2,female,pos100,1,100,202.7,216.84
P010,3,female,pos100,1,100,202.7,223.75
P010,4,female,control,0,0,202.7,232.46
P010,5,female,control,0,0,202.7,225.25
P010,6,female,pos100,1,100,202.7,226.91
P010,7,female,pos100,1,100,202.7,233.92
P010,8,female,control,0,0,202.7,228.97
P010,9,female,control,0,0,202.7,237.00
P010,10,female,pos100,1,100,202.7,236.38
P010,11,female,pos100,1,100,202.7,231.43
P010,12,female,pos100,1,100,202.7,227.11
P010,13,female,control,0,0,202.7,233.38
P010,14,female,neg100,1,-100,202.7,236.95
P010,15,female,pos100,1,100,202.7,232.46
P010,16,female,neg100,1,-100,202.7,223.47
P010,17,female,neg100,1,-100,202.7,223.25
P010,18,female,neg100,1,-100,202.7,224.26
P010,19,female,control,0,0,202.7,225.08
P010,20,female,control,0,0,202.7,222.16
P010,21,female,control,0,0,202.7,227.70
P010,22,female,pos100,1,100,202.7,227.05
P010,23,female,control,0,0,202.7,234.84
P010,24,female,neg100,1,-100,202.7,235.32
P010,25,female,neg100,1,-100,202.7,236.33
P010,26,female,neg100,1,-100,202.7,233.14
P010,27,female,neg100,1,-100,202.7,230.78
P010,28,female,control,0,0,202.7,229.08
P010,29,female,neg100,1,-100,202.7,231.16
P010,30,female,neg100,1,-100,202.7,241.12
P010,31,female,pos100,1,100,202.7,235.06
P010,32,female,control,0,0,202.7,232.22
P010,33,female,neg100,1,-100,202.7,226.76
P010,34,female,pos100,1,100,202.7,238.27
P010,35,female,pos100,1,100,202.7,226.41
P010,36,female,neg100,1,-100,202.7,226.39
P010,37,female,pos100,1,100,202.7,228.62
P010,38,female,pos100,1,100,202.7,235.07
P010,39,female,control,0,0,202.7,235.90
P010,40,female,pos100,1,100,202.7,214.73
P010,41,female,pos100,1,100,202.7,224.80
P010,42,female,control,0,0,202.7,222.71
P010,43,female,neg100,1,-100,202.7,226.87
P010,44,female,pos100,1,100,202.7,225.54
P010,45,female,control,0,0,202.7,224.09
P010,46,female,pos100,1,100,202.7,225.48
P010,47,female,pos100,1,100,202.7,239.39
P010,48,female,pos100,1,100,202.7,202.05
P010,49,female,neg100,1,-100,202.7,200.32
P010,50,female,neg100,1,-100,202.7,201.66
P010,51,female,control,0,0,202.7,204.53
P010,52,female,neg100,1,-100,202.7,208.91
P010,53,female,neg100,1,-100,202.7,205.15
P010,54,female,control,0,0,202.7,196.50
P010,55,female,pos100,1,100,202.7,202.70
P010,56,female,neg100,1,-100,202.7,212.03
P010,57,female,neg100,1,-100,202.7,208.89
P010,58,female,control,0,0,202.7,209.33
P010,59,female,neg100,1,-100,202.7,216.28
P010,60,female,control,0,0,202.7,216.44
P010,61,female,pos100,1,100,202.7,220.48
P010,62,female,control,0,0,202.7,221.66
P010,63,female,neg100,1,-100,202.7,224.36
P010,64,female,pos100,1,100,202.7,220.80
P010,65,female,pos100,1,100,202.7,215.37
P010,66,female,pos100,1,100,202.7,210.02
P010,67,female,pos100,1,100,202.7,216.81
P010,68,female,control,0,0,202.7,216.80
P010,69,female,pos100,1,100,202.7,218.85
P010,70,female,neg100,1,-100,202.7,222.76
P010,71,female,control,0,0,202.7,224.90
P010,72,female,neg100,1,-100,202.7,227.41
P010,73,female,neg100,1,-100,202.7,225.22
P010,74,female,neg100,1,-100,202.7,225.74
P010,75,female,pos100,1,100,202.7,219.25
P010,76,female,control,0,0,202.7,219.88
P010,77,female,neg100,1,-100,202.7,216.76
P010,78,female,control,0,0,202.7,221.14
P010,79,female,pos100,1,100,202.7,224.36
P010,80,female,neg100,1,-100,202.7,225.51
P010,81,female,neg100,1,-100,202.7,225.71
P010,82,female,control,0,0,202.7,231.11
P010,83,female,control,0,0,202.7,232.36
P010,84,female,control,0,0,202.7,232.24
P010,85,female,neg100,1,-100,202.7,238.71
P010,86,female,neg100,1,-100,202.7,227.51
P010,87,female,neg100,1,-100,202.7,237.17
P010,88,female,pos100,1,100,202.7,233.30
P010,89,female,control,0,0,202.7,237.23
P010,90,female,pos100,1,100,202.7,242.67
P010,91,female,neg100,1,-100,202.7,236.74
P010,92,female,pos100,1,100,202.7,227.70
P010,93,female,neg100,1,-100,202.7,223.01
P010,94,female,pos100,1,100,202.7,226.22
P010,95,female,neg100,1,-100,202.7,214.46
P010,96,female,control,0,0,202.7,227.81
P010,97,female,neg100,1,-100,202.7,224.19
P010,98,female,pos100,1,100,202.7,232.47
P010,99,female,pos100,1,100,202.7,219.97
P010,100,female,pos100,1,100,202.7,224.34
P010,101,female,control,0,0,202.7,226.37
P010,102,female,neg100,1,-100,202.7,241.53
P010,103,female,neg100,1,-100,202.7,233.41
P010,104,female,control,0,0,202.7,238.15
P010,105,female,control,0,0,202.7,240.93
P010,106,female,control,0,0,202.7,233.65
P010,107,female,pos100,1,100,202.7,228.67
P010,108,female,control,0,0,202.7,224.71
P010,109,female,pos100,1,100,202.7,228.21
P010,110,female,neg100,1,-100,202.7,222.45
P010,111,female,neg100,1,-100,202.7,216.78
P010,112,female,control,0,0,202.7,228.24
P010,113,female,control,0,0,202.7,228.94
P010,114,female,pos100,1,100,202.7,232.66
P010,115,female,pos100,1,100,202.7,234.49
P010,116,female,pos100,1,100,202.7,237.84
P010,117,female,neg100,1,-100,202.7,228.50
P010,118,female,control,0,0,202.7,236.82
P010,119,female,control,0,0,202.7,237.90
P010,120,female,control,0,0,202.7,228.62
P010,121,female,neg100,1,-100,202.7,235.49
P010,122,female,pos100,1,100,202.7,233.87
P010,123,female,pos100,1,100,202.7,235.00
P010,124,female,control,0,0,202.7,237.13
P010,125,female,neg100,1,-100,202.7,243.65
P010,126,female,pos100,1,100,202.7,241.03
P010,127,female,neg100,1,-100,202.7,231.92
P010,128,female,neg100,1,-100,202.7,235.14
P010,129,female,neg100,1,-100,202.7,233.90
P010,130,female,control,0,0,202.7,234.75
P010,131,female,control,0,0,202.7,234.62
P010,132,female,neg100,1,-100,202.7,234.55
P010,133,female,control,0,0,202.7,237.60
P010,134,female,pos100,1,100,202.7,229.00
P010,135,female,neg100,1,-100,202.7,232.74
P010,136,female,pos100,1,100,202.7,243.31
P010,137,female,control,0,0,202.7,232.72
P010,138,female,neg100,1,-100,202.7,240.04
P010,139,female,control,0,0,202.7,235.72
P010,140,female,pos100,1,100,202.7,231.22
P010,141,female,pos100,1,100,202.7,225.84
P010,142,female,neg100,1,-100,202.7,224.30
P010,143,female,pos100,1,100,202.7,230.29
P010,144,female,neg100,1,-100,202.7,241.16
P010,145,female,neg100,1,-100,202.7,226.33
P010,146,female,control,0,0,202.7,236.87
P010,147,female,pos100,1,100,202.7,235.48
P010,148,female,neg100,1,-100,202.7,229.48
P010,149,female,neg100,1,-100,202.7,240.63
P010,150,female,control,0,0,202.7,241.12
P010,151,female,neg100,1,-100,202.7,234.06
P010,152,female,pos100,1,100,202.7,234.82
P010,153,female,pos100,1,100,202.7,232.74
P010,154,female,pos100,1,100,202.7,238.45
P010,155,female,pos100,1,100,202.7,236.69
P010,156,female,pos100,1,100,202.7,242.33
P010,157,female,control,0,0,202.7,230.58
P010,158,female,control,0,0,202.7,217.84
P010,159,female,pos100,1,100,202.7,227.91
P010,160,female,control,0,0,202.7,230.00
P010,161,female,pos100,1,100,202.7,231.40
P010,162,female,neg100,1,-100,202.7,221.40
P010,163,female,pos100,1,100,202.7,221.51
P010,164,female,neg100,1,-100,202.7,226.29
P010,165,female,neg100,1,-100,202.7,225.19
P010,166,female,pos100,1,100,202.7,230.57
P010,167,female,pos100,1,100,202.7,231.10
P010,168,female,neg100,1,-100,202.7,209.21
P010,169,female,neg100,1,-100,202.7,227.82
P010,170,female,control,0,0,202.7,224.92
P010,171,female,control,0,0,202.7,227.65
P010,172,female,pos100,1,100,202.7,217.91
P010,173,female,neg100,1,-100,202.7,222.88
P010,174,female,control,0,0,202.7,219.03
P010,175,female,control,0,0,202.7,219.07
P010,176,female,pos100,1,100,202.7,220.98
P010,177,female,pos100,1,100,202.7,206.96
P010,178,female,neg100,1,-100,202.7,221.79
P010,179,female,neg100,1,-100,202.7,229.72
P010,180,female,control,0,0,202.7,227.35
P010,181,female,neg100,1,-100,202.7,238.20
P010,182,female,pos100,1,100,202.7,228.56
P010,183,female,neg100,1,-100,202.7,223.31
P010,184,female,neg100,1,-100,202.7,230.29
P010,185,female,pos100,1,100,202.7,221.48
P010,186,female,neg100,1,-100,202.7,218.07
P010,187,female,control,0,0,202.7,219.43
P010,188,female,pos100,1,100,202.7,224.31
P010,189,female,control,0,0,202.7,220.68
P010,190,female,neg100,1,-100,202.7,225.16
P010,191,female,neg100,1,-100,202.7,224.81
P010,192,female,pos100,1,100,202.7,232.39
P010,193,female,pos100,1,100,202.7,222.08
P010,194,female,pos100,1,100,202.7,226.10
P010,195,female,pos100,1,100,202.7,238.48
P010,196,female,pos100,1,100,202.7,232.08
P010,197,female,control,0,0,202.7,231.27
P010,198,female,control,0,0,202.7,219.93
P010,199,female,control,0,0,202.7,222.31
P010,200,female,neg100,1,-100,202.7,214.66
P010,201,female,control,0,0,202.7,222.01
P010,202,female,pos100,1,100,202.7,220.27
P010,203,female,control,0,0,202.7,220.85
P010,204,female,neg100,1,-100,202.7,221.58
P010,205,female,control,0,0,202.7,224.81
P010,206,female,neg100,1,-100,202.7,214.50
P010,207,female,pos100,1,100,202.7,221.08
P010,208,female,pos100,1,100,202.7,224.86
P010,209,female,control,0,0,202.7,232.16
P010,210,female,neg100,1,-100,202.7,231.16
P010,211,female,pos100,1,100,202.7,228.49
P010,212,female,neg100,1,-100,202.7,224.18
P010,213,female,neg100,1,-100,202.7,228.45
P010,214,female,pos100,1,100,202.7,212.33
P010,215,female,pos100,1,100,202.7,228.16
P010,216,female,control,0,0,202.7,212.53
P010,217,female,control,0,0,202.7,215.93
P010,218,female,neg100,1,-100,202.7,214.41
P011,1,male,neg100,1,-100,202.7,114.27
P011,2,male,pos100,1,100,202.7,114.07
P011,3,male,control,0,0,202.7,115.57
P011,4,male,pos100,1,100,202.7,113.62
P011,5,male,neg100,1,-100,202.7,112.45
P011,6,male,control,0,0,202.7,112.44
P011,7,male,control,0,0,202.7,112.79
P011,8,male,neg100,1,-100,202.7,115.38
P011,9,male,neg100,1,-100,202.7,113.92
P011,10,male,pos100,1,100,202.7,114.69
P011,11,male,neg100,1,-100,202.7,113.94
P011,12,male,neg100,1,-100,202.7,117.97
P011,13,male,pos100,1,100,202.7,119.10
P011,14,male,neg100,1,-100,202.7,118.24
P011,15,male,pos100,1,100,202.7,118.92
P011,16,male,pos100,1,100,202.7,118.02
P011,17,male,neg100,1,-100,202.7,116.74
P011,18,male,control,0,0,202.7,120.34
P011,19,male,pos100,1,100,202.7,114.68
P011,20,male,control,0,0,202.7,122.40
P011,21,male,control,0,0,202.7,120.68
P011,22,male,control,0,0,202.7,121.77
P011,23,male,pos100,1,100,202.7,122.34
P011,24,male,pos100,1,100,202.7,121.94
P011,25,male,neg100,1,-100,202.7,122.97
P011,26,male,pos100,1,100,202.7,108.14
P011,27,male,pos100,1,100,202.7,104.13
P011,28,male,neg100,1,-100,202.7,106.67
P011,29,male,pos100,1,100,202.7,109.36
P011,30,male,neg100,1,-100,202.7,112.75
P011,31,male,control,0,0,202.7,109.74
P011,32,male,control,0,0,202.7,109.28
P011,33,male,neg100,1,-100,202.7,111.21
P011,34,male,control,0,0,202.7,112.38
P011,35,male,control,0,0,202.7,112.82
P011,36,male,neg100,1,-100,202.7,113.11
P011,37,male,pos100,1,100,202.7,112.57
P011,38,male,pos100,1,100,202.7,115.42
P011,39,male,pos100,1,100,202.7,116.03
P011,40,male,neg100,1,-100,202.7,107.66
P011,41,male,neg100,1,-100,202.7,109.93
P011,42,male,control,0,0,202.7,105.37
P011,43,male,control,0,0,202.7,118.52
P011,44,male,control,0,0,202.7,117.31
P011,45,male,control,0,0,202.7,109.58
P011,46,male,control,0,0,202.7,106.88
P011,47,male,neg100,1,-100,202.7,113.65
P011,48,male,pos100,1,100,202.7,115.83
P011,49,male,pos100,1,100,202.7,111.70
P011,50,male,control,0,0,202.7,105.85
P011,51,male,neg100,1,-100,202.7,110.50
P011,52,male,neg100,1,-100,202.7,113.50
P011,53,male,control,0,0,202.7,114.95
P011,54,male,pos100,1,100,202.7,113.82
P011,55,male,control,0,0,202.7,111.83
P011,56,male,neg100,1,-100,202.7,111.02
P011,57,male,pos100,1,100,202.7,114.88
P011,58,male,pos100,1,100,202.7,111.25
P011,59,male,neg100,1,-100,202.7,117.90
P011,60,male,neg100,1,-100,202.7,111.96
P011,61,male,neg100,1,-100,202.7,115.61
P011,62,male,pos100,1,100,202.7,119.49
P011,63,male,neg100,1,-100,202.7,109.22
P011,64,male,pos100,1,100,202.7,103.45
P011,65,male,pos100,1,100,202.7,113.10
P011,66,male,pos100,1,100,202.7,112.59
P011,67,male,pos100,1,100,202.7,107.70
P011,68,male,pos100,1,100,202.7,109.55
P011,69,male,control,0,0,202.7,117.34
P011,70,male,neg100,1,-100,202.7,109.73
P011,71,male,pos100,1,100,202.7,112.47
P011,72,male,pos100,1,100,202.7,111.01
P011,73,male,pos100,1,100,202.7,115.82
P011,74,male,neg100,1,-100,202.7,108.88
P011,75,male,neg100,1,-100,202.7,115.10
P011,76,male,pos100,1,100,202.7,118.24
P011,77,male,neg100,1,-100,202.7,114.79
P011,78,male,control,0,0,202.7,113.38
P011,79,male,pos100,1,100,202.7,117.10
P011,80,male,neg100,1,-100,202.7,116.24
P011,81,male,control,0,0,202.7,116.77
P011,82,male,neg100,1,-100,202.7,119.57
P011,83,male,control,0,0,202.7,114.19
P011,84,male,control,0,0,202.7,118.06
P011,85,male,neg100,1,-100,202.7,117.71
P011,86,male,pos100,1,100,202.7,114.64
P011,87,male,control,0,0,202.7,121.17
P011,88,male,neg100,1,-100,202.7,112.61
P011,89,male,neg100,1,-100,202.7,116.78
P011,90,male,control,0,0,202.7,111.80
P011,91,male,control,0,0,202.7,113.54
P011,92,male,pos100,1,100,202.7,117.27
P011,93,male,neg100,1,-100,202.7,117.21
P011,94,male,pos100,1,100,202.7,115.52
P011,95,male,neg100,1,-100,202.7,116.95
P011,96,male,control,0,0,202.7,114.06
P011,97,male,neg100,1,-100,202.7,115.71
P011,98,male,neg100,1,-100,202.7,118.56
P011,99,male,pos100,1,100,202.7,117.28
P011,100,male,neg100,1,-100,202.7,124.08
P011,101,male,pos100,1,100,202.7,122.75
P011,102,male,control,0,0,202.7,119.61
P011,103,male,control,0,0,202.7,118.33
P011,104,male,pos100,1,100,202.7,118.62
P011,105,male,control,0,0,202.7,118.92
P011,106,male,neg100,1,-100,202.7,111.80
P011,107,male,control,0,0,202.7,114.19
P011,108,male,pos100,1,100,202.7,114.83
P011,109,male,control,0,0,202.7,116.40
P011,110,male,control,0,0,202.7,115.95
P011,111,male,neg100,1,-100,202.7,118.40
P011,112,male,control,0,0,202.7,129.60
P011,113,male,neg100,1,-100,202.7,118.77
P011,114,male,pos100,1,100,202.7,117.08
P011,115,male,neg100,1,-100,202.7,117.68
P011,116,male,control,0,0,202.7,116.51
P011,117,male,pos100,1,100,202.7,115.14
P011,118,male,neg100,1,-100,202.7,114.56
P011,119,male,pos100,1,100,202.7,117.72
P011,120,male,control,0,0,202.7,115.85
P011,121,male,neg100,1,-100,202.7,114.28
P011,122,male,pos100,1,100,202.7,115.85
P011,123,male,pos100,1,100,202.7,130.33
P011,124,male,neg100,1,-100,202.7,118.30
P011,125,male,neg100,1,-100,202.7,117.56
P011,126,male,pos100,1,100,202.7,114.02
P011,127,male,neg100,1,-100,202.7,117.49
P011,128,male,pos100,1,100,202.7,120.69
P011,129,male,neg100,1,-100,202.7,116.84
P011,130,male,pos100,1,100,202.7,130.31
P011,131,male,pos100,1,100,202.7,112.14
P011,132,male,pos100,1,100,202.7,115.95
P011,133,male,control,0,0,202.7,114.38
P011,134,male,neg100,1,-100,202.7,115.34
P011,135,male,control,0,0,202.7,116.00
P011,136,male,neg100,1,-100,202.7,116.86
P011,137,male,control,0,0,202.7,113.97
P011,138,male,neg100,1,-100,202.7,114.54
P011,139,male,control,0,0,202.7,117.36
P011,140,male,pos100,1,100,202.7,117.81
P011,141,male,control,0,0,202.7,112.94
P011,142,male,control,0,0,202.7,113.97
P011,143,male,pos100,1,100,202.7,111.75
P011,144,male,pos100,1,100,202.7,119.07
P011,145,male,neg100,1,-100,202.7,116.76
P011,146,male,control,0,0,202.7,106.23
P011,147,male,neg100,1,-100,202.7,110.24
P011,148,male,control,0,0,202.7,113.98
P011,149,male,pos100,1,100,202.7,114.10
P011,150,male,control,0,0,202.7,117.10
P011,151,male,pos100,1,100,202.7,113.86
P011,152,male,pos100,1,100,202.7,112.43
P011,153,male,control,0,0,202.7,115.60
P011,154,male,pos100,1,100,202.7,115.93
P011,155,male,neg100,1,-100,202.7,113.21
P011,156,male,pos100,1,100,202.7,114.22
P011,157,male,control,0,0,202.7,115.85
P011,158,male,neg100,1,-100,202.7,117.85
P011,159,male,neg100,1,-100,202.7,116.85
P011,160,male,neg100,1,-100,202.7,116.49
P011,161,male,control,0,0,202.7,115.11
P011,162,male,neg100,1,-100,202.7,121.10
P011,163,male,neg100,1,-100,202.7,118.11
P011,164,male,pos100,1,100,202.7,116.56
P011,165,male,control,0,0,202.7,92.72
P011,166,male,pos100,1,100,202.7,116.04
P011,167,male,neg100,1,-100,202.7,113.76
P011,168,male,pos100,1,100,202.7,118.73
P011,169,male,pos100,1,100,202.7,116.51
P011,170,male,pos100,1,100,202.7,120.19
P011,171,male,control,0,0,202.7,116.86
P011,172,male,pos100,1,100,202.7,116.45
P011,173,male,pos100,1,100,202.7,117.89
P011,174,male,pos100,1,100,202.7,113.28
P011,175,male,neg100,1,-100,202.7,118.93
P011,176,male,neg100,1,-100,202.7,119.34
P011,177,male,neg100,1,-100,202.7,113.34
P011,178,male,control,0,0,202.7,112.29
P011,179,male,neg100,1,-100,202.7,117.42
P011,180,male,control,0,0,202.7,119.18
P011,181,male,pos100,1,100,202.7,106.02
P011,182,male,control,0,0,202.7,108.28
P011,183,male,pos100,1,100,202.7,109.67
P011,184,male,neg100,1,-100,202.7,107.27
P011,185,male,pos100,1,100,202.7,111.96
P011,186,male,neg100,1,-100,202.7,109.94
P011,187,male,pos100,1,100,202.7,109.93
P011,188,male,neg100,1,-100,202.7,112.55
P011,189,male,neg100,1,-100,202.7,116.64
P011,190,male,neg100,1,-100,202.7,114.50
P011,191,male,control,0,0,202.7,115.44
P011,192,male,pos100,1,100,202.7,108.46
P011,193,male,neg100,1,-100,202.7,114.28
P011,194,male,control,0,0,202.7,118.36
P011,195,male,control,0,0,202.7,114.12
P011,196,male,pos100,1,100,202.7,119.03
P011,197,male,pos100,1,100,202.7,115.64
P011,198,male,control,0,0,202.7,117.33
P011,199,male,control,0,0,202.7,117.90
P011,200,male,neg100,1,-100,202.7,114.36
P011,201,male,control,0,0,202.7,118.51
P011,202,male,neg100,1,-100,202.7,119.49
P011,203,male,neg100,1,-100,202.7,118.60
P011,204,male,control,0,0,202.7,118.80
P011,205,male,pos100,1,100,202.7,120.63
P011,206,male,pos100,1,100,202.7,116.55
P011,207,male,pos100,1,100,202.7,116.40
P011,208,male,control,0,0,202.7,124.93
P011,209,male,neg100,1,-100,202.7,120.68
P011,210,male,control,0,0,202.7,119.83
P011,211,male,neg100,1,-100,202.7,118.01
P011,212,male,control,0,0,202.7,123.65
P011,213,male,pos100,1,100,202.7,127.76
P011,214,male,control,0,0,202.7,128.29
P011,215,male,neg100,1,-100,202.7,125.41
P011,216,male,control,0,0,202.7,125.72
P011,217,male,pos100,1,100,202.7,121.97
P011,218,male,pos100,1,100,202.7,112.19
P011,219,male,control,0,0,202.7,125.24
P011,220,male,pos100,1,100,202.7,126.56
P011,221,male,pos100,1,100,202.7,121.49
P011,222,male,neg100,1,-100,202.7,124.19
P011,223,male,neg100,1,-100,202.7,127.87
P011,224,male,neg100,1,-100,202.7,121.93
P011,225,male,control,0,0,202.7,131.89
P011,226,male,pos100,1,100,202.7,123.79
P011,227,male,neg100,1,-100,202.7,119.89
P011,228,male,neg100,1,-100,202.7,121.86
P011,229,male,pos100,1,100,202.7,123.40
P011,230,male,pos100,1,100,202.7,126.57
P011,231,male,control,0,0,202.7,99.64
P011,232,male,pos100,1,100,202.7,101.94
P011,233,male,control,0,0,202.7,101.90
P011,234,male,pos100,1,100,202.7,103.80
P011,235,male,neg100,1,-100,202.7,101.95
P011,236,male,neg100,1,-100,202.7,95.77
P012,1,female,neg100,1,-100,202.7,242.03
P012,2,female,pos100,1,100,202.7,242.32
P012,3,female,pos100,1,100,202.7,245.31
P012,4,female,pos100,1,100,202.7,246.09
P012,5,female,pos100,1,100,202.7,240.90
P012,6,female,pos100,1,100,202.7,242.84
P012,7,female,pos100,1,100,202.7,238.20
P012,8,female,control,0,0,202.7,250.24
P012,9,female,control,0,0,202.7,237.80
P012,10,female,pos100,1,100,202.7,243.39
P012,11,female,neg100,1,-100,202.7,246.13
P012,12,female,pos100,1,100,202.7,250.03
P012,13,female,control,0,0,202.7,241.02
P012,14,female,pos100,1,100,202.7,242.14
P012,15,female,neg100,1,-100,202.7,244.45
P012,16,female,pos100,1,100,202.7,249.61
P012,17,female,neg100,1,-100,202.7,248.79
P012,18,female,neg100,1,-100,202.7,250.58
P012,19,female,control,0,0,202.7,241.30
P012,20,female,control,0,0,202.7,243.67
P012,21,female,control,0,0,202.7,245.54
P012,22,female,control,0,0,202.7,246.92
P012,23,female,neg100,1,-100,202.7,242.70
P012,24,female,neg100,1,-100,202.7,241.58
P012,25,female,pos100,1,100,202.7,243.16
P012,26,female,neg100,1,-100,202.7,243.15
P012,27,female,neg100,1,-100,202.7,249.77
P012,28,female,control,0,0,202.7,247.37
P012,29,female,neg100,1,-100,202.7,248.33
P012,30,female,pos100,1,100,202.7,245.29
P012,31,female,control,0,0,202.7,241.69
P012,32,female,neg100,1,-100,202.7,238.55
P012,33,female,pos100,1,100,202.7,251.75
P012,34,female,neg100,1,-100,202.7,242.56
P012,35,female,pos100,1,100,202.7,236.92
P012,36,female,control,0,0,202.7,243.93
P012,37,female,neg100,1,-100,202.7,236.00
P012,38,female,control,0,0,202.7,244.94
P012,39,female,control,0,0,202.7,244.03
P012,40,female,control,0,0,202.7,238.78
P012,41,female,control,0,0,202.7,235.91
P012,42,female,neg100,1,-100,202.7,239.47
P012,43,female,control,0,0,202.7,233.31
P012,44,female,pos100,1,100,202.7,232.33
P012,45,female,control,0,0,202.7,232.75
P012,46,female,pos100,1,100,202.7,235.25
P012,47,female,pos100,1,100,202.7,235.71
P012,48,female,control,0,0,202.7,232.99
P012,49,female,pos100,1,100,202.7,226.63
P012,50,female,neg100,1,-100,202.7,227.69
P012,51,female,pos100,1,100,202.7,220.45
P012,52,female,control,0,0,202.7,227.14
P012,53,female,neg100,1,-100,202.7,217.61
P012,54,female,neg100,1,-100,202.7,222.46
P012,55,female,neg100,1,-100,202.7,223.63
P012,56,female,pos100,1,100,202.7,223.40
P012,57,female,neg100,1,-100,202.7,225.05
P012,58,female,control,0,0,202.7,223.90
P012,59,female,neg100,1,-100,202.7,225.60
P012,60,female,neg100,1,-100,202.7,224.01
P012,61,female,pos100,1,100,202.7,216.33
P012,62,female,control,0,0,202.7,210.94
P012,63,female,pos100,1,100,202.7,222.73
P012,64,female,neg100,1,-100,202.7,214.87
P012,65,female,pos100,1,100,202.7,221.64
P012,66,female,pos100,1,100,202.7,222.46
P012,67,female,pos100,1,100,202.7,219.69
P012,68,female,control,0,0,202.7,215.68
P012,69,female,pos100,1,100,202.7,211.84
P012,70,female,pos100,1,100,202.7,215.59
P012,71,female,neg100,1,-100,202.7,216.18
P012,72,female,control,0,0,202.7,216.06
P012,73,female,pos100,1,100,202.7,222.07
P012,74,female,neg100,1,-100,202.7,216.69
P012,75,female,neg100,1,-100,202.7,218.35
P012,76,female,neg100,1,-100,202.7,215.26
P012,77,female,control,0,0,202.7,218.64
P012,78,female,neg100,1,-100,202.7,219.28
P012,79,female,control,0,0,202.7,220.14
P012,80,female,pos100,1,100,202.7,232.22
P012,81,female,control,0,0,202.7,233.79
P012,82,female,neg100,1,-100,202.7,230.39
P012,83,female,neg100,1,-100,202.7,226.40
P012,84,female,neg100,1,-100,202.7,222.79
P012,85,female,neg100,1,-100,202.7,226.59
P012,86,female,control,0,0,202.7,228.25
P012,87,female,neg100,1,-100,202.7,225.12
P012,88,female,pos100,1,100,202.7,221.96
P012,89,female,pos100,1,100,202.7,219.26
P012,90,female,control,0,0,202.7,210.80
P012,91,female,pos100,1,100,202.7,209.76
P012,92,female,neg100,1,-100,202.7,204.55
P012,93,female,pos100,1,100,202.7,218.39
P012,94,female,pos100,1,100,202.7,215.65
P012,95,female,neg100,1,-100,202.7,209.19
P012,96,female,neg100,1,-100,202.7,206.60
P012,97,female,control,0,0,202.7,213.43
P012,98,female,control,0,0,202.7,217.49
P012,99,female,pos100,1,100,202.7,215.59
P012,100,female,pos100,1,100,202.7,211.07
P012,101,female,pos100,1,100,202.7,212.21
P012,102,female,neg100,1,-100,202.7,210.41
P012,103,female,control,0,0,202.7,208.34
P012,104,female,neg100,1,-100,202.7,199.14
P012,105,female,neg100,1,-100,202.7,209.49
P012,106,female,control,0,0,202.7,208.17
P012,107,female,control,0,0,202.7,205.08
P012,108,female,neg100,1,-100,202.7,200.56
P012,109,female,pos100,1,100,202.7,209.15
P012,110,female,control,0,0,202.7,208.84
P012,111,female,control,0,0,202.7,208.56
P012,112,female,neg100,1,-100,202.7,204.35
P012,113,female,neg100,1,-100,202.7,205.24
P012,114,female,control,0,0,202.7,205.12
P012,115,female,control,0,0,202.7,204.02
P012,116,female,pos100,1,100,202.7,200.66
P012,117,female,pos100,1,100,202.7,209.04
P012,118,female,pos100,1,100,202.7,210.14
P012,119,female,pos100,1,100,202.7,210.38
P012,120,female,control,0,0,202.7,210.66
P012,121,female,control,0,0,202.7,203.75
P012,122,female,neg100,1,-100,202.7,201.63
P012,123,female,pos100,1,100,202.7,207.21
P012,124,female,control,0,0,202.7,208.41
P012,125,female,pos100,1,100,202.7,200.65
P012,126,female,neg100,1,-100,202.7,202.43
P012,127,female,pos100,1,100,202.7,196.41
P012,128,female,neg100,1,-100,202.7,214.64
P012,129,female,neg100,1,-100,202.7,212.77
P012,130,female,control,0,0,202.7,219.10
P012,131,female,control,0,0,202.7,212.58
P012,132,female,neg100,1,-100,202.7,211.09
P012,133,female,control,0,0,202.7,212.59
P012,134,female,neg100,1,-100,202.7,211.74
P012,135,female,pos100,1,100,202.7,210.39
P012,136,female,neg100,1,-100,202.7,204.90
P012,137,female,control,0,0,202.7,212.79
P012,138,female,neg100,1,-100,202.7,208.71
P012,139,female,pos100,1,100,202.7,210.62
P012,140,female,pos100,1,100,202.7,209.48
P012,141,female,pos100,1,100,202.7,200.84
P012,142,female,pos100,1,100,202.7,193.51
P012,143,female,neg100,1,-100,202.7,210.56
P012,144,female,control,0,0,202.7,204.70
P012,145,female,pos100,1,100,202.7,200.92
P012,146,female,neg100,1,-100,202.7,203.07
P012,147,female,neg100,1,-100,202.7,197.75
P012,148,female,pos100,1,100,202.7,204.59
P012,149,female,neg100,1,-100,202.7,202.69
P012,150,female,neg100,1,-100,202.7,209.72
P012,151,female,control,0,0,202.7,203.96
P012,152,female,pos100,1,100,202.7,206.98
P012,153,female,control,0,0,202.7,202.28
P012,154,female,neg100,1,-100,202.7,199.87
P012,155,female,pos100,1,100,202.7,199.32
P012,156,female,pos100,1,100,202.7,197.78
P012,157,female,pos100,1,100,202.7,198.96
P012,158,female,control,0,0,202.7,198.68
P012,159,female,control,0,0,202.7,228.64
P012,160,female,pos100,1,100,202.7,227.76
P012,161,female,control,0,0,202.7,213.87
P012,162,female,pos100,1,100,202.7,210.76
P012,163,female,neg100,1,-100,202.7,218.40
P012,164,female,pos100,1,100,202.7,211.15
P012,165,female,control,0,0,202.7,215.81
P012,166,female,pos100,1,100,202.7,213.42
P012,167,female,neg100,1,-100,202.7,207.34
P012,168,female,control,0,0,202.7,210.90
P012,169,female,neg100,1,-100,202.7,204.36
P012,170,female,neg100,1,-100,202.7,206.20
P012,171,female,neg100,1,-100,202.7,210.07
P012,172,female,pos100,1,100,202.7,215.81
P012,173,female,control,0,0,202.7,207.95
P012,174,female,pos100,1,100,202.7,206.72
P012,175,female,pos100,1,100,202.7,206.39
P012,176,female,control,0,0,202.7,198.47
P012,177,female,control,0,0,202.7,198.49
P012,178,female,neg100,1,-100,202.7,200.80
P012,179,female,neg100,1,-100,202.7,201.50
P012,180,female,neg100,1,-100,202.7,203.87
P012,181,female,control,0,0,202.7,203.77
P012,182,female,control,0,0,202.7,206.51
P012,183,female,pos100,1,100,202.7,211.56
P012,184,female,neg100,1,-100,202.7,205.37
P012,185,female,neg100,1,-100,202.7,209.16
P012,186,female,pos100,1,100,202.7,205.27
P012,187,female,pos100,1,100,202.7,209.71
P012,188,female,pos100,1,100,202.7,197.50
P012,189,female,control,0,0,202.7,193.48
P012,190,female,neg100,1,-100,202.7,198.67
P012,191,female,control,0,0,202.7,199.02
P012,192,female,neg100,1,-100,202.7,200.45
P012,193,female,pos100,1,100,202.7,212.05
P012,194,female,pos100,1,100,202.7,207.76
P012,195,female,neg100,1,-100,202.7,213.86
P012,196,female,pos100,1,100,202.7,214.69
P012,197,female,pos100,1,100,202.7,209.73
P012,198,female,pos100,1,100,202.7,210.14
P012,199,female,control,0,0,202.7,201.72
P012,200,female,control,0,0,202.7,203.15
P012,201,female,neg100,1,-100,202.7,200.39
P012,202,female,pos100,1,100,202.7,201.93
P012,203,female,control,0,0,202.7,201.40
P012,204,female,neg100,1,-100,202.7,197.26
P012,205,female,control,0,0,202.7,195.95
P012,206,female,neg100,1,-100,202.7,209.12
P012,207,female,neg100,1,-100,202.7,205.55
P012,208,female,pos100,1,100,202.7,210.29
P012,209,female,control,0,0,202.7,251.93
P012,210,female,control,0,0,202.7,261.10
P012,211,female,neg100,1,-100,202.7,245.76
P012,212,female,pos100,1,100,202.7,252.43
P012,213,female,pos100,1,100,202.7,254.18
P012,214,female,neg100,1,-100,202.7,257.82
P012,215,female,control,0,0,202.7,279.58
P012,216,female,control,0,0,202.7,215.79
P012,217,female,control,0,0,202.7,215.48
P012,218,female,pos100,1,100,202.7,211.67
P012,219,female,neg100,1,-100,202.7,208.78
P012,220,female,pos100,1,100,202.7,211.24
P012,221,female,neg100,1,-100,202.7,208.13
P013,1,female,neg100,1,-100,202.7,217.41
P013,2,female,neg100,1,-100,202.7,220.88
P013,3,female,pos100,1,100,202.7,212.88
P013,4,female,pos100,1,100,202.7,219.37
P013,5,female,pos100,1,100,202.7,213.09
P013,6,female,pos100,1,100,202.7,219.78
P013,7,female,pos100,1,100,202.7,216.23
P013,8,female,pos100,1,100,202.7,221.48
P013,9,female,control,0,0,202.7,209.32
P013,10,female,control,0,0,202.7,205.24
P013,11,female,pos100,1,100,202.7,211.73
P013,12,female,neg100,1,-100,202.7,211.90
P013,13,female,pos100,1,100,202.7,212.55
P013,14,female,control,0,0,202.7,213.78
P013,15,female,pos100,1,100,202.7,215.38
P013,16,female,neg100,1,-100,202.7,213.34
P013,17,female,pos100,1,100,202.7,204.61
P013,18,female,neg100,1,-100,202.7,214.34
P013,19,female,neg100,1,-100,202.7,214.45
P013,20,female,control,0,0,202.7,216.66
P013,21,female,control,0,0,202.7,219.25
P013,22,female,control,0,0,202.7,217.07
P013,23,female,control,0,0,202.7,216.99
P013,24,female,neg100,1,-100,202.7,216.25
P013,25,female,neg100,1,-100,202.7,206.82
P013,26,female,pos100,1,100,202.7,218.42
P013,27,female,neg100,1,-100,202.7,217.46
P013,28,female,neg100,1,-100,202.7,207.35
P013,29,female,control,0,0,202.7,218.23
P013,30,female,neg100,1,-100,202.7,216.96
P013,31,female,pos100,1,100,202.7,217.81
P013,32,female,control,0,0,202.7,219.06
P013,33,female,neg100,1,-100,202.7,218.47
P013,34,female,pos100,1,100,202.7,223.36
P013,35,female,neg100,1,-100,202.7,222.05
P013,36,female,pos100,1,100,202.7,216.46
P013,37,female,control,0,0,202.7,219.18
P013,38,female,neg100,1,-100,202.7,222.38
P013,39,female,control,0,0,202.7,227.78
P013,40,female,control,0,0,202.7,220.30
P013,41,female,control,0,0,202.7,218.19
P013,42,female,control,0,0,202.7,217.07
P013,43,female,neg100,1,-100,202.7,218.58
P013,44,female,control,0,0,202.7,218.17
P013,45,female,pos100,1,100,202.7,217.79
P013,46,female,control,0,0,202.7,218.33
P013,47,female,pos100,1,100,202.7,214.49
P013,48,female,pos100,1,100,202.7,218.72
P013,49,female,control,0,0,202.7,213.24
P013,50,female,pos100,1,100,202.7,220.11
P013,51,female,neg100,1,-100,202.7,217.70
P013,52,female,pos100,1,100,202.7,219.23
P013,53,female,control,0,0,202.7,221.76
P013,54,female,neg100,1,-100,202.7,223.15
P013,55,female,neg100,1,-100,202.7,223.64
P013,56,female,neg100,1,-100,202.7,224.66
P013,57,female,pos100,1,100,202.7,221.93
P013,58,female,neg100,1,-100,202.7,219.14
P013,59,female,control,0,0,202.7,215.60
P013,60,female,neg100,1,-100,202.7,219.19
P013,61,female,neg100,1,-100,202.7,221.06
P013,62,female,pos100,1,100,202.7,217.64
P013,63,female,control,0,0,202.7,215.41
P013,64,female,pos100,1,100,202.7,216.25
P013,65,female,neg100,1,-100,202.7,214.34
P013,66,female,pos100,1,100,202.7,217.34
P013,67,female,pos100,1,100,202.7,220.20
P013,68,female,pos100,1,100,202.7,214.62
P013,69,female,control,0,0,202.7,216.23
P013,70,female,pos100,1,100,202.7,219.64
P013,71,female,pos100,1,100,202.7,217.91
P013,72,female,neg100,1,-100,202.7,213.70
P013,73,female,control,0,0,202.7,224.23
P013,74,female,pos100,1,100,202.7,210.94
P013,75,female,neg100,1,-100,202.7,215.59
P013,76,female,neg100,1,-100,202.7,216.35
P013,77,female,neg100,1,-100,202.7,220.32
P013,78,female,control,0,0,202.7,217.38
P013,79,female,neg100,1,-100,202.7,219.71
P013,80,female,control,0,0,202.7,213.48
P013,81,female,pos100,1,100,202.7,221.62
P013,82,female,control,0,0,202.7,221.78
P013,83,female,neg100,1,-100,202.7,226.66
P013,84,female,neg100,1,-100,202.7,222.88
P013,85,female,neg100,1,-100,202.7,221.93
P013,86,female,neg100,1,-100,202.7,226.39
P013,87,female,control,0,0,202.7,223.70
P013,88,female,neg100,1,-100,202.7,225.18
P013,89,female,pos100,1,100,202.7,225.43
P013,90,female,pos100,1,100,202.7,220.97
P013,91,female,control,0,0,202.7,218.09
P013,92,female,pos100,1,100,202.7,221.14
P013,93,female,neg100,1,-100,202.7,221.71
P013,94,female,pos100,1,100,202.7,219.99
P013,95,female,pos100,1,100,202.7,221.33
P013,96,female,neg100,1,-100,202.7,221.86
P013,97,female,neg100,1,-100,202.7,221.77
P013,98,female,control,0,0,202.7,215.53
P013,99,female,control,0,0,202.7,219.92
P013,100,female,pos100,1,100,202.7,215.91
P013,101,female,pos100,1,100,202.7,219.71
P013,102,female,pos100,1,100,202.7,218.15
P013,103,female,neg100,1,-100,202.7,220.63
P013,104,female,control,0,0,202.7,224.62
P013,105,female,neg100,1,-100,202.7,215.35
P013,106,female,neg100,1,-100,202.7,218.66
P013,107,female,control,0,0,202.7,217.19
P013,108,female,control,0,0,202.7,214.55
P013,109,female,neg100,1,-100,202.7,215.99
P013,110,female,pos100,1,100,202.7,217.08
P013,111,female,control,0,0,202.7,215.08
P013,112,female,control,0,0,202.7,212.95
P013,113,female,neg100,1,-100,202.7,214.09
P013,114,female,neg100,1,-100,202.7,218.19
P013,115,female,control,0,0,202.7,213.99
P013,116,female,control,0,0,202.7,213.19
P013,117,female,pos100,1,100,202.7,213.79
P013,118,female,pos100,1,100,202.7,211.10
P013,119,female,pos100,1,100,202.7,211.44
P013,120,female,pos100,1,100,202.7,218.81
P013,121,female,control,0,0,202.7,219.38
P013,122,female,control,0,0,202.7,214.49
P013,123,female,control,0,0,202.7,222.99
P013,124,female,neg100,1,-100,202.7,220.32
P013,125,female,pos100,1,100,202.7,221.44
P013,126,female,control,0,0,202.7,220.18
P013,127,female,pos100,1,100,202.7,219.10
P013,128,female,neg100,1,-100,202.7,224.34
P013,129,female,pos100,1,100,202.7,216.68
P013,130,female,neg100,1,-100,202.7,220.38
P013,131,female,neg100,1,-100,202.7,219.75
P013,132,female,control,0,0,202.7,216.52
P013,133,female,control,0,0,202.7,221.40
P013,134,female,neg100,1,-100,202.7,220.14
P013,135,female,control,0,0,202.7,220.05
P013,136,female,neg100,1,-100,202.7,215.79
P013,137,female,pos100,1,100,202.7,218.90
P013,138,female,neg100,1,-100,202.7,215.84
P013,139,female,control,0,0,202.7,220.28
P013,140,female,neg100,1,-100,202.7,214.30
P013,141,female,pos100,1,100,202.7,213.17
P013,142,female,pos100,1,100,202.7,211.54
P013,143,female,pos100,1,100,202.7,216.02
P013,144,female,pos100,1,100,202.7,218.02
P013,145,female,neg100,1,-100,202.7,220.05
P013,146,female,control,0,0,202.7,216.08
P013,147,female,pos100,1,100,202.7,214.42
P013,148,female,neg100,1,-100,202.7,215.25
P013,149,female,neg100,1,-100,202.7,217.93
P013,150,female,pos100,1,100,202.7,213.24
P013,151,female,neg100,1,-100,202.7,211.24
P013,152,female,neg100,1,-100,202.7,216.97
P013,153,female,control,0,0,202.7,214.29
P013,154,female,pos100,1,100,202.7,214.65
P013,155,female,control,0,0,202.7,216.73
P013,156,female,neg100,1,-100,202.7,216.96
P013,157,female,pos100,1,100,202.7,210.49
P013,158,female,pos100,1,100,202.7,214.88
P013,159,female,pos100,1,100,202.7,213.47
P013,160,female,control,0,0,202.7,208.77
P013,161,female,control,0,0,202.7,219.54
P013,162,female,pos100,1,100,202.7,225.77
P013,163,female,control,0,0,202.7,225.66
P013,164,female,pos100,1,100,202.7,221.69
P013,165,female,neg100,1,-100,202.7,219.40
P013,166,female,pos100,1,100,202.7,227.10
P013,167,female,control,0,0,202.7,222.74
P013,168,female,pos100,1,100,202.7,223.19
P013,169,female,neg100,1,-100,202.7,228.40
P013,170,female,control,0,0,202.7,217.07
P013,171,female,neg100,1,-100,202.7,219.75
P013,172,female,neg100,1,-100,202.7,224.95
P013,173,female,neg100,1,-100,202.7,222.64
P013,174,female,pos100,1,100,202.7,220.13
P013,175,female,control,0,0,202.7,220.08
P013,176,female,pos100,1,100,202.7,227.43
P013,177,female,pos100,1,100,202.7,215.87
P013,178,female,control,0,0,202.7,217.54
P013,179,female,control,0,0,202.7,212.01
P013,180,female,neg100,1,-100,202.7,209.38
P013,181,female,neg100,1,-100,202.7,211.18
P013,182,female,neg100,1,-100,202.7,210.26
P013,183,female,control,0,0,202.7,210.98
P013,184,female,control,0,0,202.7,213.24
P013,185,female,pos100,1,100,202.7,219.63
P013,186,female,neg100,1,-100,202.7,216.89
P013,187,female,neg100,1,-100,202.7,215.10
P013,188,female,pos100,1,100,202.7,208.50
P013,189,female,pos100,1,100,202.7,209.14
P013,190,female,pos100,1,100,202.7,211.39
P013,191,female,control,0,0,202.7,211.55
P013,192,female,neg100,1,-100,202.7,212.02
P013,193,female,control,0,0,202.7,220.94
P013,194,female,neg100,1,-100,202.7,210.62
P013,195,female,pos100,1,100,202.7,218.03
P013,196,female,pos100,1,100,202.7,217.47
P013,197,female,neg100,1,-100,202.7,212.32
P013,198,female,pos100,1,100,202.7,210.07
P013,199,female,pos100,1,100,202.7,210.73
P013,200,female,pos100,1,100,202.7,211.19
P013,201,female,control,0,0,202.7,208.31
P013,202,female,control,0,0,202.7,218.33
P013,203,female,neg100,1,-100,202.7,211.69
P013,204,female,pos100,1,100,202.7,216.03
P013,205,female,control,0,0,202.7,215.65
P013,206,female,neg100,1,-100,202.7,209.76
P013,207,female,control,0,0,202.7,211.36
P013,208,female,neg100,1,-100,202.7,211.28
P013,209,female,neg100,1,-100,202.7,213.31
P013,210,female,pos100,1,100,202.7,214.37
P013,211,female,control,0,0,202.7,214.85
P013,212,female,control,0,0,202.7,216.83
P013,213,female,neg100,1,-100,202.7,213.74
P013,214,female,pos100,1,100,202.7,214.69
P013,215,female,pos100,1,100,202.7,214.21
P013,216,female,neg100,1,-100,202.7,210.20
P014,1,female,neg100,1,-100,202.7,311.92
P014,2,female,pos100,1,100,202.7,311.57
P014,3,female,neg100,1,-100,202.7,320.43
P014,4,female,control,0,0,202.7,318.92
P014,5,female,pos100,1,100,202.7,322.38
P014,6,female,neg100,1,-100,202.7,320.40
P014,7,female,pos100,1,100,202.7,322.17
P014,8,female,pos100,1,100,202.7,331.85
P014,9,female,control,0,0,202.7,324.64
P014,10,female,control,0,0,202.7,330.85
P014,11,female,neg100,1,-100,202.7,316.39
P014,12,female,neg100,1,-100,202.7,316.47
P014,13,female,pos100,1,100,202.7,322.21
P014,14,female,pos100,1,100,202.7,327.08
P014,15,female,pos100,1,100,202.7,316.11
P014,16,female,pos100,1,100,202.7,331.89
P014,17,female,pos100,1,100,202.7,328.93
P014,18,female,pos100,1,100,202.7,333.26
P014,19,female,control,0,0,202.7,335.09
P014,20,female,control,0,0,202.7,330.21
P014,21,female,pos100,1,100,202.7,333.95
P014,22,female,pos100,1,100,202.7,335.98
P014,23,female,pos100,1,100,202.7,337.83
P014,24,female,pos100,1,100,202.7,310.50
P014,25,female,neg100,1,-100,202.7,305.33
P014,26,female,pos100,1,100,202.7,309.77
P014,27,female,neg100,1,-100,202.7,304.28
P014,28,female,control,0,0,202.7,307.47
P014,29,female,neg100,1,-100,202.7,306.99
P014,30,female,control,0,0,202.7,314.57
P014,31,female,neg100,1,-100,202.7,315.40
P014,32,female,pos100,1,100,202.7,310.14
P014,33,female,neg100,1,-100,202.7,336.23
P014,34,female,control,0,0,202.7,327.21
P014,35,female,control,0,0,202.7,329.09
P014,36,female,control,0,0,202.7,334.07
P014,37,female,control,0,0,202.7,327.06
P014,38,female,pos100,1,100,202.7,336.09
P014,39,female,control,0,0,202.7,335.12
P014,40,female,pos100,1,100,202.7,341.80
P014,41,female,control,0,0,202.7,333.57
P014,42,female,neg100,1,-100,202.7,330.68
P014,43,female,pos100,1,100,202.7,332.94
P014,44,female,pos100,1,100,202.7,328.60
P014,45,female,control,0,0,202.7,307.19
P014,46,female,control,0,0,202.7,310.16
P014,47,female,neg100,1,-100,202.7,317.25
P014,48,female,control,0,0,202.7,318.82
P014,49,female,control,0,0,202.7,328.47
P014,50,female,neg100,1,-100,202.7,323.08
P014,51,female,pos100,1,100,202.7,329.45
P014,52,female,pos100,1,100,202.7,318.89
P014,53,female,neg100,1,-100,202.7,319.57
P014,54,female,control,0,0,202.7,332.48
P014,55,female,control,0,0,202.7,320.26
P014,56,female,neg100,1,-100,202.7,331.41
P014,57,female,control,0,0,202.7,329.95
P014,58,female,pos100,1,100,202.7,324.29
P014,59,female,neg100,1,-100,202.7,323.69
P014,60,female,pos100,1,100,202.7,324.58
P014,61,female,pos100,1,100,202.7,338.91
P014,62,female,control,0,0,202.7,331.90
P014,63,female,pos100,1,100,202.7,328.26
P014,64,female,control,0,0,202.7,337.83
P014,65,female,control,0,0,202.7,319.87
P014,66,female,neg100,1,-100,202.7,323.25
P014,67,female,neg100,1,-100,202.7,324.58
P014,68,female,neg100,1,-100,202.7,330.15
P014,69,female,pos100,1,100,202.7,328.97
P014,70,female,pos100,1,100,202.7,324.90
P014,71,female,control,0,0,202.7,332.50
P014,72,female,pos100,1,100,202.7,324.77
P014,73,female,neg100,1,-100,202.7,325.46
P014,74,female,pos100,1,100,202.7,325.54
P014,75,female,neg100,1,-100,202.7,325.36
P014,76,female,pos100,1,100,202.7,329.60
P014,77,female,control,0,0,202.7,323.63
P014,78,female,pos100,1,100,202.7,321.20
P014,79,female,pos100,1,100,202.7,329.56
P014,80,female,neg100,1,-100,202.7,325.50
P014,81,female,neg100,1,-100,202.7,327.44
P014,82,female,neg100,1,-100,202.7,334.45
P014,83,female,neg100,1,-100,202.7,303.15
P014,84,female,control,0,0,202.7,318.86
P014,85,female,neg100,1,-100,202.7,313.01
P014,86,female,pos100,1,100,202.7,312.53
P014,87,female,neg100,1,-100,202.7,316.39
P014,88,female,neg100,1,-100,202.7,315.13
P014,89,female,control,0,0,202.7,324.50
P014,90,female,pos100,1,100,202.7,316.46
P014,91,female,control,0,0,202.7,326.63
P014,92,female,neg100,1,-100,202.7,321.75
P014,93,female,neg100,1,-100,202.7,331.00
P014,94,female,pos100,1,100,202.7,327.73
P014,95,female,neg100,1,-100,202.7,324.25
P014,96,female,control,0,0,202.7,324.16
P014,97,female,pos100,1,100,202.7,325.05
P014,98,female,neg100,1,-100,202.7,322.14
P014,99,female,control,0,0,202.7,328.15
P014,100,female,pos100,1,100,202.7,331.23
P014,101,female,control,0,0,202.7,333.03
P014,102,female,neg100,1,-100,202.7,325.39
P014,103,female,pos100,1,100,202.7,331.71
P014,104,female,pos100,1,100,202.7,333.41
P014,105,female,control,0,0,202.7,333.87
P014,106,female,neg100,1,-100,202.7,327.16
P014,107,female,control,0,0,202.7,326.29
P014,108,female,control,0,0,202.7,320.36
P014,109,female,control,0,0,202.7,325.90
P014,110,female,pos100,1,100,202.7,323.16
P014,111,female,pos100,1,100,202.7,326.83
P014,112,female,neg100,1,-100,202.7,325.03
P014,113,female,pos100,1,100,202.7,317.88
P014,114,female,neg100,1,-100,202.7,318.48
P014,115,female,control,0,0,202.7,319.59
P014,116,female,pos100,1,100,202.7,324.11
P014,117,female,control,0,0,202.7,321.40
P014,118,female,pos100,1,100,202.7,324.43
P014,119,female,neg100,1,-100,202.7,326.62
P014,120,female,pos100,1,100,202.7,325.03
P014,121,female,neg100,1,-100,202.7,325.91
P014,122,female,pos100,1,100,202.7,303.82
P014,123,female,control,0,0,202.7,311.14
P014,124,female,neg100,1,-100,202.7,318.07
P014,125,female,neg100,1,-100,202.7,304.10
P014,126,female,pos100,1,100,202.7,322.20
P014,127,female,neg100,1,-100,202.7,321.64
P014,128,female,pos100,1,100,202.7,332.18
P014,129,female,pos100,1,100,202.7,320.76
P014,130,female,pos100,1,100,202.7,324.13
P014,131,female,pos100,1,100,202.7,329.78
P014,132,female,control,0,0,202.7,335.85
P014,133,female,control,0,0,202.7,330.52
P014,134,female,control,0,0,202.7,330.92
P014,135,female,neg100,1,-100,202.7,327.01
P014,136,female,neg100,1,-100,202.7,331.63
P014,137,female,pos100,1,100,202.7,334.19
P014,138,female,pos100,1,100,202.7,329.65
P014,139,female,pos100,1,100,202.7,333.74
P014,140,female,neg100,1,-100,202.7,333.99
P014,141,female,neg100,1,-100,202.7,330.17
P014,142,female,control,0,0,202.7,332.17
P014,143,female,control,0,0,202.7,333.06
P014,144,female,pos100,1,100,202.7,338.40
P014,145,female,pos100,1,100,202.7,337.94
P014,146,female,neg100,1,-100,202.7,331.51
P014,147,female,neg100,1,-100,202.7,307.54
P014,148,female,control,0,0,202.7,307.28
P014,149,female,pos100,1,100,202.7,312.37
P014,150,female,control,0,0,202.7,323.93
P014,151,female,neg100,1,-100,202.7,317.75
P014,152,female,pos100,1,100,202.7,314.88
P014,153,female,pos100,1,100,202.7,317.38
P014,154,female,neg100,1,-100,202.7,325.09
P014,155,female,neg100,1,-100,202.7,321.76
P014,156,female,pos100,1,100,202.7,330.25
P014,157,female,neg100,1,-100,202.7,321.47
P014,158,female,control,0,0,202.7,325.88
P014,159,female,pos100,1,100,202.7,321.29
P014,160,female,control,0,0,202.7,324.66
P014,161,female,neg100,1,-100,202.7,320.64
P014,162,female,pos100,1,100,202.7,323.43
P014,163,female,neg100,1,-100,202.7,326.01
P014,164,female,pos100,1,100,202.7,321.08
P014,165,female,pos100,1,100,202.7,328.24
P014,166,female,control,0,0,202.7,318.56
P014,167,female,control,0,0,202.7,321.16
P014,168,female,neg100,1,-100,202.7,315.87
P014,169,female,neg100,1,-100,202.7,321.57
P014,170,female,neg100,1,-100,202.7,323.28
P014,171,female,pos100,1,100,202.7,325.16
P014,172,female,pos100,1,100,202.7,328.13
P014,173,female,pos100,1,100,202.7,330.65
P014,174,female,control,0,0,202.7,327.12
P014,175,female,neg100,1,-100,202.7,326.06
P014,176,female,control,0,0,202.7,325.71
P014,177,female,control,0,0,202.7,328.19
P014,178,female,pos100,1,100,202.7,321.33
P014,179,female,pos100,1,100,202.7,323.27
P014,180,female,pos100,1,100,202.7,321.70
P014,181,female,control,0,0,202.7,325.61
P014,182,female,control,0,0,202.7,324.61
P014,183,female,pos100,1,100,202.7,329.57
P014,184,female,neg100,1,-100,202.7,334.26
P014,185,female,control,0,0,202.7,338.03
P014,186,female,neg100,1,-100,202.7,338.59
P014,187,female,control,0,0,202.7,325.51
P014,188,female,neg100,1,-100,202.7,327.06
P014,189,female,control,0,0,202.7,327.35
P014,190,female,pos100,1,100,202.7,326.77
P014,191,female,pos100,1,100,202.7,330.28
P014,192,female,neg100,1,-100,202.7,330.64
P014,193,female,neg100,1,-100,202.7,328.85
P014,194,female,control,0,0,202.7,333.04
P014,195,female,neg100,1,-100,202.7,316.95
P014,196,female,neg100,1,-100,202.7,329.09
P014,197,female,neg100,1,-100,202.7,332.61
P014,198,female,pos100,1,100,202.7,339.18
P014,199,female,control,0,0,202.7,333.05
P014,200,female,pos100,1,100,202.7,334.78
P014,201,female,pos100,1,100,202.7,334.21
P014,202,female,control,0,0,202.7,280.10
P014,203,female,control,0,0,202.7,283.61
P014,204,female,pos100,1,100,202.7,289.47
P014,205,female,neg100,1,-100,202.7,291.65
P014,206,female,neg100,1,-100,202.7,297.38
P014,207,female,control,0,0,202.7,308.00
P014,208,female,pos100,1,100,202.7,313.67
P014,209,female,control,0,0,202.7,319.92
P014,210,female,pos100,1,100,202.7,323.81
P014,211,female,neg100,1,-100,202.7,325.23
P014,212,female,neg100,1,-100,202.7,326.68
P015,1,female,pos100,1,100,202.7,231.11
P015,2,female,pos100,1,100,202.7,234.34
P015,3,female,neg100,1,-100,202.7,231.25
P015,4,female,pos100,1,100,202.7,233.03
P015,5,female,neg100,1,-100,202.7,230.01
P015,6,female,control,0,0,202.7,232.85
P015,7,female,control,0,0,202.7,230.01
P015,8,female,neg100,1,-100,202.7,235.37
P015,9,female,control,0,0,202.7,233.73
P015,10,female,control,0,0,202.7,234.68
P015,11,female,neg100,1,-100,202.7,234.27
P015,12,female,pos100,1,100,202.7,232.19
P015,13,female,pos100,1,100,202.7,233.39
P015,14,female,pos100,1,100,202.7,232.51
P015,15,female,neg100,1,-100,202.7,232.22
P015,16,female,neg100,1,-100,202.7,231.94
P015,17,female,control,0,0,202.7,234.08
P015,18,female,control,0,0,202.7,232.83
P015,19,female,control,0,0,202.7,232.32
P015,20,female,control,0,0,202.7,232.32
P015,21,female,control,0,0,202.7,232.00
P015,22,female,neg100,1,-100,202.7,233.95
P015,23,female,pos100,1,100,202.7,234.14
P015,24,female,pos100,1,100,202.7,232.47
P015,25,female,control,0,0,202.7,233.29
P015,26,female,neg100,1,-100,202.7,232.93
P015,27,female,neg100,1,-100,202.7,229.63
P015,28,female,control,0,0,202.7,229.98
P015,29,female,pos100,1,100,202.7,232.38
P015,30,female,control,0,0,202.7,229.97
P015,31,female,neg100,1,-100,202.7,233.84
P015,32,female,pos100,1,100,202.7,237.10
P015,33,female,pos100,1,100,202.7,233.22
P015,34,female,neg100,1,-100,202.7,230.55
P015,35,female,neg100,1,-100,202.7,236.16
P015,36,female,neg100,1,-100,202.7,236.33
P015,37,female,pos100,1,100,202.7,238.47
P015,38,female,neg100,1,-100,202.7,234.04
P015,39,female,pos100,1,100,202.7,233.46
P015,40,female,pos100,1,100,202.7,236.39
P015,41,female,pos100,1,100,202.7,227.97
P015,42,female,pos100,1,100,202.7,228.79
P015,43,female,pos100,1,100,202.7,230.30
P015,44,female,control,0,0,202.7,228.45
P015,45,female,neg100,1,-100,202.7,227.08
P015,46,female,pos100,1,100,202.7,231.90
P015,47,female,pos100,1,100,202.7,229.48
P015,48,female,pos100,1,100,202.7,233.07
P015,49,female,neg100,1,-100,202.7,232.13
P015,50,female,neg100,1,-100,202.7,236.29
P015,51,female,pos100,1,100,202.7,233.68
P015,52,female,neg100,1,-100,202.7,231.67
P015,53,female,control,0,0,202.7,231.28
P015,54,female,pos100,1,100,202.7,234.84
P015,55,female,neg100,1,-100,202.7,231.89
P015,56,female,control,0,0,202.7,232.94
P015,57,female,neg100,1,-100,202.7,230.48
P015,58,female,control,0,0,202.7,236.42
P015,59,female,control,0,0,202.7,234.38
P015,60,female,neg100,1,-100,202.7,231.72
P015,61,female,pos100,1,100,202.7,236.04
P015,62,female,control,0,0,202.7,234.78
P015,63,female,neg100,1,-100,202.7,233.40
P015,64,female,neg100,1,-100,202.7,237.68
P015,65,female,control,0,0,202.7,236.08
P015,66,female,control,0,0,202.7,235.40
P015,67,female,pos100,1,100,202.7,230.42
P015,68,female,neg100,1,-100,202.7,234.94
P015,69,female,pos100,1,100,202.7,235.34
P015,70,female,neg100,1,-100,202.7,234.70
P015,71,female,control,0,0,202.7,236.14
P015,72,female,neg100,1,-100,202.7,234.49
P015,73,female,neg100,1,-100,202.7,234.77
P015,74,female,pos100,1,100,202.7,239.48
P015,75,female,neg100,1,-100,202.7,235.50
P015,76,female,pos100,1,100,202.7,234.67
P015,77,female,control,0,0,202.7,233.36
P015,78,female,control,0,0,202.7,234.93
P015,79,female,pos100,1,100,202.7,232.19
P015,80,female,control,0,0,202.7,234.62
P015,81,female,neg100,1,-100,202.7,224.33
P015,82,female,control,0,0,202.7,220.99
P015,83,female,pos100,1,100,202.7,225.81
P015,84,female,control,0,0,202.7,223.28
P015,85,female,control,0,0,202.7,224.46
P015,86,female,neg100,1,-100,202.7,223.89
P015,87,female,control,0,0,202.7,224.73
P015,88,female,neg100,1,-100,202.7,225.65
P015,89,female,pos100,1,100,202.7,230.62
P015,90,female,neg100,1,-100,202.7,226.57
P015,91,female,control,0,0,202.7,226.96
P015,92,female,pos100,1,100,202.7,228.81
P015,93,female,neg100,1,-100,202.7,229.24
P015,94,female,pos100,1,100,202.7,229.77
P015,95,female,control,0,0,202.7,228.14
P015,96,female,neg100,1,-100,202.7,230.67
P015,97,female,pos100,1,100,202.7,229.89
P015,98,female,pos100,1,100,202.7,231.55
P015,99,female,neg100,1,-100,202.7,232.53
P015,100,female,neg100,1,-100,202.7,230.89
P015,101,female,pos100,1,100,202.7,231.68
P015,102,female,neg100,1,-100,202.7,231.76
P015,103,female,pos100,1,100,202.7,231.31
P015,104,female,neg100,1,-100,202.7,230.29
P015,105,female,pos100,1,100,202.7,232.49
P015,106,female,pos100,1,100,202.7,229.96
P015,107,female,pos100,1,100,202.7,230.68
P015,108,female,control,0,0,202.7,232.26
P015,109,female,neg100,1,-100,202.7,233.31
P015,110,female,control,0,0,202.7,231.12
P015,111,female,neg100,1,-100,202.7,230.83
P015,112,female,control,0,0,202.7,229.04
P015,113,female,neg100,1,-100,202.7,229.03
P015,114,female,control,0,0,202.7,231.36
P015,115,female,pos100,1,100,202.7,234.23
P015,116,female,control,0,0,202.7,235.80
P015,117,female,control,0,0,202.7,231.27
P015,118,female,pos100,1,100,202.7,232.54
P015,119,female,pos100,1,100,202.7,230.73
P015,120,female,neg100,1,-100,202.7,232.25
P015,121,female,control,0,0,202.7,228.14
P015,122,female,pos100,1,100,202.7,229.36
P015,123,female,neg100,1,-100,202.7,231.38
P015,124,female,pos100,1,100,202.7,231.43
P015,125,female,pos100,1,100,202.7,229.41
P015,126,female,control,0,0,202.7,228.82
P015,127,female,control,0,0,202.7,233.47
P015,128,female,neg100,1,-100,202.7,231.52
P015,129,female,neg100,1,-100,202.7,232.59
P015,130,female,pos100,1,100,202.7,232.87
P015,131,female,pos100,1,100,202.7,235.00
P015,132,female,neg100,1,-100,202.7,235.25
P015,133,female,control,0,0,202.7,232.50
P015,134,female,control,0,0,202.7,236.58
P015,135,female,pos100,1,100,202.7,233.20
P015,136,female,control,0,0,202.7,236.80
P015,137,female,control,0,0,202.7,233.34
P015,138,female,neg100,1,-100,202.7,231.75
P015,139,female,pos100,1,100,202.7,233.65
P015,140,female,pos100,1,100,202.7,233.67
P015,141,female,neg100,1,-100,202.7,231.38
P015,142,female,neg100,1,-100,202.7,234.24
P015,143,female,neg100,1,-100,202.7,234.98
P015,144,female,control,0,0,202.7,232.82
P015,145,female,neg100,1,-100,202.7,233.84
P015,146,female,control,0,0,202.7,234.55
P015,147,female,control,0,0,202.7,227.58
P015,148,female,neg100,1,-100,202.7,234.02
P015,149,female,pos100,1,100,202.7,234.27
P015,150,female,neg100,1,-100,202.7,228.51
P015,151,female,neg100,1,-100,202.7,232.69
P015,152,female,neg100,1,-100,202.7,233.00
P015,153,female,pos100,1,100,202.7,235.90
P015,154,female,control,0,0,202.7,232.81
P015,155,female,pos100,1,100,202.7,232.95
P015,156,female,neg100,1,-100,202.7,231.63
P015,157,female,pos100,1,100,202.7,230.42
P015,158,female,pos100,1,100,202.7,230.72
P015,159,female,control,0,0,202.7,230.32
P015,160,female,pos100,1,100,202.7,232.38
P015,161,female,pos100,1,100,202.7,231.16
P015,162,female,pos100,1,100,202.7,230.94
P015,163,female,control,0,0,202.7,232.96
P015,164,female,control,0,0,202.7,228.84
P015,165,female,neg100,1,-100,202.7,232.10
P015,166,female,neg100,1,-100,202.7,234.73
P015,167,female,pos100,1,100,202.7,236.24
P015,168,female,neg100,1,-100,202.7,233.82
P015,169,female,neg100,1,-100,202.7,233.56
P015,170,female,pos100,1,100,202.7,235.91
P015,171,female,control,0,0,202.7,232.17
P015,172,female,control,0,0,202.7,229.88
P015,173,female,control,0,0,202.7,229.61
P015,174,female,pos100,1,100,202.7,230.68
P015,175,female,control,0,0,202.7,229.37
P015,176,female,pos100,1,100,202.7,230.53
P015,177,female,control,0,0,202.7,234.26
P015,178,female,neg100,1,-100,202.7,228.66
P015,179,female,pos100,1,100,202.7,232.64
P015,180,female,control,0,0,202.7,231.81
P015,181,female,neg100,1,-100,202.7,232.02
P015,182,female,neg100,1,-100,202.7,233.46
P015,183,female,neg100,1,-100,202.7,228.07
P015,184,female,pos100,1,100,202.7,232.82
P015,185,female,neg100,1,-100,202.7,231.24
P015,186,female,pos100,1,100,202.7,233.81
P015,187,female,pos100,1,100,202.7,234.32
P015,188,female,neg100,1,-100,202.7,233.32
P015,189,female,control,0,0,202.7,233.46
P015,190,female,control,0,0,202.7,231.69
P015,191,female,control,0,0,202.7,232.81
P015,192,female,control,0,0,202.7,229.89
P015,193,female,neg100,1,-100,202.7,235.27
P015,194,female,pos100,1,100,202.7,231.40
P015,195,female,pos100,1,100,202.7,232.89
P015,196,female,neg100,1,-100,202.7,231.76
P015,197,female,pos100,1,100,202.7,234.61
P015,198,female,neg100,1,-100,202.7,232.12
P015,199,female,control,0,0,202.7,228.68
P015,200,female,pos100,1,100,202.7,227.92
P015,201,female,control,0,0,202.7,226.86
P015,202,female,pos100,1,100,202.7,229.30
P015,203,female,neg100,1,-100,202.7,230.62
P015,204,female,neg100,1,-100,202.7,234.35
P015,205,female,pos100,1,100,202.7,235.89
P015,206,female,neg100,1,-100,202.7,233.77
P015,207,female,pos100,1,100,202.7,231.12
P015,208,female,control,0,0,202.7,229.35
P015,209,female,pos100,1,100,202.7,230.70
P015,210,female,neg100,1,-100,202.7,230.95
P015,211,female,control,0,0,202.7,227.94
P015,212,female,pos100,1,100,202.7,229.60
P015,213,female,control,0,0,202.7,229.12
P015,214,female,pos100,1,100,202.7,227.18
P015,215,female,neg100,1,-100,202.7,227.00
P015,216,female,neg100,1,-100,202.7,227.65
P016,1,male,pos100,1,100,202.7,134.01
P016,2,male,pos100,1,100,202.7,133.47
P016,3,male,neg100,1,-100,202.7,133.48
P016,4,male,pos100,1,100,202.7,133.55
P016,5,male,neg100,1,-100,202.7,134.68
P016,6,male,control,0,0,202.7,138.15
P016,7,male,control,0,0,202.7,133.51
P016,8,male,neg100,1,-100,202.7,135.17
P016,9,male,control,0,0,202.7,139.58
P016,10,male,control,0,0,202.7,135.46
P016,11,male,neg100,1,-100,202.7,136.91
P016,12,male,pos100,1,100,202.7,137.23
P016,13,male,pos100,1,100,202.7,137.71
P016,14,male,pos100,1,100,202.7,138.08
P016,15,male,neg100,1,-100,202.7,138.15
P016,16,male,neg100,1,-100,202.7,138.00
P016,17,male,control,0,0,202.7,132.74
P016,18,male,control,0,0,202.7,133.17
P016,19,male,control,0,0,202.7,137.73
P016,20,male,control,0,0,202.7,139.86
P016,21,male,control,0,0,202.7,140.02
P016,22,male,neg100,1,-100,202.7,136.86
P016,23,male,pos100,1,100,202.7,135.03
P016,24,male,pos100,1,100,202.7,136.28
P016,25,male,control,0,0,202.7,139.13
P016,26,male,neg100,1,-100,202.7,137.02
P016,27,male,neg100,1,-100,202.7,137.45
P016,28,male,control,0,0,202.7,135.88
P016,29,male,pos100,1,100,202.7,133.00
P016,30,male,control,0,0,202.7,137.72
P016,31,male,neg100,1,-100,202.7,137.38
P016,32,male,pos100,1,100,202.7,137.99
P016,33,male,pos100,1,100,202.7,139.18
P016,34,male,neg100,1,-100,202.7,140.78
P016,35,male,neg100,1,-100,202.7,140.14
P016,36,male,neg100,1,-100,202.7,139.20
P016,37,male,pos100,1,100,202.7,139.57
P016,38,male,neg100,1,-100,202.7,139.08
P016,39,male,pos100,1,100,202.7,141.23
P016,40,male,pos100,1,100,202.7,136.94
P016,41,male,pos100,1,100,202.7,130.34
P016,42,male,pos100,1,100,202.7,130.35
P016,43,male,pos100,1,100,202.7,133.03
P016,44,male,control,0,0,202.7,129.92
P016,45,male,neg100,1,-100,202.7,132.69
P016,46,male,pos100,1,100,202.7,130.23
P016,47,male,pos100,1,100,202.7,131.66
P016,48,male,pos100,1,100,202.7,133.69
P016,49,male,neg100,1,-100,202.7,131.91
P016,50,male,neg100,1,-100,202.7,132.05
P016,51,male,pos100,1,100,202.7,127.83
P016,52,male,neg100,1,-100,202.7,126.86
P016,53,male,control,0,0,202.7,126.60
P016,54,male,pos100,1,100,202.7,130.17
P016,55,male,neg100,1,-100,202.7,130.23
P016,56,male,control,0,0,202.7,132.67
P016,57,male,neg100,1,-100,202.7,133.88
P016,58,male,control,0,0,202.7,132.08
P016,59,male,control,0,0,202.7,132.43
P016,60,male,neg100,1,-100,202.7,133.05
P016,61,male,pos100,1,100,202.7,132.76
P016,62,male,control,0,0,202.7,135.04
P016,63,male,neg100,1,-100,202.7,133.63
P016,64,male,neg100,1,-100,202.7,133.72
P016,65,male,control,0,0,202.7,130.29
P016,66,male,control,0,0,202.7,126.19
P016,67,male,pos100,1,100,202.7,132.51
P016,68,male,neg100,1,-100,202.7,133.83
P016,69,male,pos100,1,100,202.7,132.51
P016,70,male,neg100,1,-100,202.7,136.66
P016,71,male,control,0,0,202.7,135.69
P016,72,male,neg100,1,-100,202.7,134.14
P016,73,male,neg100,1,-100,202.7,134.74
P016,74,male,pos100,1,100,202.7,135.52
P016,75,male,neg100,1,-100,202.7,134.54
P016,76,male,pos100,1,100,202.7,129.47
P016,77,male,control,0,0,202.7,133.11
P016,78,male,control,0,0,202.7,130.38
P016,79,male,pos100,1,100,202.7,132.32
P016,80,male,control,0,0,202.7,135.83
P016,81,male,neg100,1,-100,202.7,142.04
P016,82,male,control,0,0,202.7,145.44
P016,83,male,pos100,1,100,202.7,144.96
P016,84,male,control,0,0,202.7,144.60
P016,85,male,control,0,0,202.7,137.77
P016,86,male,neg100,1,-100,202.7,137.26
P016,87,male,control,0,0,202.7,140.74
P016,88,male,neg100,1,-100,202.7,137.83
P016,89,male,pos100,1,100,202.7,139.34
P016,90,male,neg100,1,-100,202.7,147.11
P016,91,male,control,0,0,202.7,154.66
P016,92,male,pos100,1,100,202.7,147.93
P016,93,male,neg100,1,-100,202.7,145.42
P016,94,male,pos100,1,100,202.7,139.71
P016,95,male,control,0,0,202.7,140.92
P016,96,male,neg100,1,-100,202.7,146.18
P016,97,male,pos100,1,100,202.7,143.93
P016,98,male,pos100,1,100,202.7,143.14
P016,99,male,neg100,1,-100,202.7,138.93
P016,100,male,neg100,1,-100,202.7,141.56
P016,101,male,pos100,1,100,202.7,142.98
P016,102,male,neg100,1,-100,202.7,149.03
P016,103,male,pos100,1,100,202.7,142.79
P016,104,male,neg100,1,-100,202.7,147.79
P016,105,male,pos100,1,100,202.7,145.61
P016,106,male,pos100,1,100,202.7,145.22
P016,107,male,pos100,1,100,202.7,147.56
P016,108,male,control,0,0,202.7,145.42
P016,109,male,neg100,1,-100,202.7,143.25
P016,110,male,control,0,0,202.7,147.55
P016,111,male,neg100,1,-100,202.7,145.59
P016,112,male,control,0,0,202.7,138.67
P016,113,male,neg100,1,-100,202.7,140.44
P016,114,male,control,0,0,202.7,140.02
P016,115,male,pos100,1,100,202.7,136.32
P016,116,male,control,0,0,202.7,141.79
P016,117,male,control,0,0,202.7,142.81
P016,118,male,pos100,1,100,202.7,144.58
P016,119,male,pos100,1,100,202.7,137.31
P016,120,male,neg100,1,-100,202.7,141.52
P016,121,male,control,0,0,202.7,136.15
P016,122,male,pos100,1,100,202.7,134.61
P016,123,male,neg100,1,-100,202.7,133.26
P016,124,male,pos100,1,100,202.7,138.85
P016,125,male,pos100,1,100,202.7,139.26
P016,126,male,control,0,0,202.7,133.50
P016,127,male,control,0,0,202.7,132.99
P016,128,male,neg100,1,-100,202.7,134.29
P016,129,male,neg100,1,-100,202.7,133.73
P016,130,male,pos100,1,100,202.7,133.85
P016,131,male,pos100,1,100,202.7,136.56
P016,132,male,neg100,1,-100,202.7,134.62
P016,133,male,control,0,0,202.7,130.09
P016,134,male,control,0,0,202.7,136.57
P016,135,male,pos100,1,100,202.7,132.01
P016,136,male,control,0,0,202.7,135.25
P016,137,male,control,0,0,202.7,132.21
P016,138,male,neg100,1,-100,202.7,131.71
P016,139,male,pos100,1,100,202.7,130.88
P016,140,male,pos100,1,100,202.7,133.46
P016,141,male,neg100,1,-100,202.7,130.66
P016,142,male,neg100,1,-100,202.7,134.36
P016,143,male,neg100,1,-100,202.7,134.45
P016,144,male,control,0,0,202.7,134.40
P016,145,male,neg100,1,-100,202.7,133.85
P016,146,male,control,0,0,202.7,132.16
P016,147,male,control,0,0,202.7,134.40
P016,148,male,neg100,1,-100,202.7,134.34
P016,149,male,pos100,1,100,202.7,138.50
P016,150,male,neg100,1,-100,202.7,131.29
P016,151,male,neg100,1,-100,202.7,132.06
P016,152,male,neg100,1,-100,202.7,136.94
P016,153,male,pos100,1,100,202.7,135.59
P016,154,male,control,0,0,202.7,129.50
P016,155,male,pos100,1,100,202.7,129.98
P016,156,male,neg100,1,-100,202.7,131.31
P016,157,male,pos100,1,100,202.7,131.27
P016,158,male,pos100,1,100,202.7,131.59
P016,159,male,control,0,0,202.7,132.72
P016,160,male,pos100,1,100,202.7,132.36
P016,161,male,pos100,1,100,202.7,145.52
P016,162,male,pos100,1,100,202.7,146.18
P016,163,male,control,0,0,202.7,143.57
P016,164,male,control,0,0,202.7,143.67
P016,165,male,neg100,1,-100,202.7,145.84
P016,166,male,neg100,1,-100,202.7,147.82
P016,167,male,pos100,1,100,202.7,150.11
P016,168,male,neg100,1,-100,202.7,146.42
P016,169,male,neg100,1,-100,202.7,147.91
P016,170,male,pos100,1,100,202.7,151.40
P016,171,male,control,0,0,202.7,143.30
P016,172,male,control,0,0,202.7,145.16
P016,173,male,control,0,0,202.7,144.85
P016,174,male,pos100,1,100,202.7,138.90
P016,175,male,control,0,0,202.7,142.23
P016,176,male,pos100,1,100,202.7,143.56
P016,177,male,control,0,0,202.7,141.12
P016,178,male,neg100,1,-100,202.7,131.09
P016,179,male,pos100,1,100,202.7,136.59
P016,180,male,control,0,0,202.7,134.48
P016,181,male,neg100,1,-100,202.7,132.98
P016,182,male,neg100,1,-100,202.7,134.25
P016,183,male,neg100,1,-100,202.7,132.09
P016,184,male,pos100,1,100,202.7,135.87
P016,185,male,neg100,1,-100,202.7,136.16
P016,186,male,pos100,1,100,202.7,134.46
P016,187,male,pos100,1,100,202.7,136.82
P016,188,male,neg100,1,-100,202.7,134.28
P016,189,male,control,0,0,202.7,136.62
P016,190,male,control,0,0,202.7,137.68
P016,191,male,control,0,0,202.7,137.37
P016,192,male,control,0,0,202.7,133.35
P016,193,male,neg100,1,-100,202.7,133.50
P016,194,male,pos100,1,100,202.7,134.92
P016,195,male,pos100,1,100,202.7,128.30
P016,196,male,neg100,1,-100,202.7,132.58
P016,197,male,pos100,1,100,202.7,136.78
P016,198,male,neg100,1,-100,202.7,140.85
P016,199,male,control,0,0,202.7,135.07
P016,200,male,pos100,1,100,202.7,133.36
P016,201,male,control,0,0,202.7,137.27
P016,202,male,pos100,1,100,202.7,137.66
P016,203,male,neg100,1,-100,202.7,134.17
P016,204,male,neg100,1,-100,202.7,135.59
P016,205,male,pos100,1,100,202.7,139.31
P016,206,male,neg100,1,-100,202.7,135.86
P016,207,male,pos100,1,100,202.7,131.75
P016,208,male,control,0,0,202.7,134.90
P016,209,male,pos100,1,100,202.7,131.97
P016,210,male,neg100,1,-100,202.7,135.45
P016,211,male,control,0,0,202.7,148.79
P016,212,male,pos100,1,100,202.7,150.77
P016,213,male,control,0,0,202.7,147.36
P016,214,male,pos100,1,100,202.7,148.56
P016,215,male,neg100,1,-100,202.7,145.50
P016,216,male,neg100,1,-100,202.7,147.74
P017,1,male,pos100,1,100,202.7,152.84
P017,2,male,pos100,1,100,202.7,154.08
P017,3,male,pos100,1,100,202.7,152.50
P017,4,male,neg100,1,-100,202.7,154.07
P017,5,male,control,0,0,202.7,151.95
P017,6,male,control,0,0,202.7,152.40
P017,7,male,neg100,1,-100,202.7,154.11
P017,8,male,control,0,0,202.7,153.74
P017,9,male,control,0,0,202.7,152.15
P017,10,male,neg100,1,-100,202.7,153.39
P017,11,male,pos100,1,100,202.7,153.98
P017,12,male,pos100,1,100,202.7,152.72
P017,13,male,pos100,1,100,202.7,150.19
P017,14,male,neg100,1,-100,202.7,153.36
P017,15,male,neg100,1,-100,202.7,151.42
P017,16,male,control,0,0,202.7,152.72
P017,17,male,control,0,0,202.7,153.14
P017,18,male,control,0,0,202.7,154.22
P017,19,male,control,0,0,202.7,150.54
P017,20,male,control,0,0,202.7,152.39
P017,21,male,neg100,1,-100,202.7,156.18
P017,22,male,pos100,1,100,202.7,148.44
P017,23,male,pos100,1,100,202.7,150.86
P017,24,male,control,0,0,202.7,150.33
P017,25,male,neg100,1,-100,202.7,152.72
P017,26,male,neg100,1,-100,202.7,150.88
P017,27,male,control,0,0,202.7,156.69
P017,28,male,pos100,1,100,202.7,152.42
P017,29,male,control,0,0,202.7,150.32
P017,30,male,neg100,1,-100,202.7,151.29
P017,31,male,pos100,1,100,202.7,149.28
P017,32,male,pos100,1,100,202.7,148.38
P017,33,male,neg100,1,-100,202.7,148.24
P017,34,male,neg100,1,-100,202.7,149.84
P017,35,male,neg100,1,-100,202.7,149.24
P017,36,male,pos100,1,100,202.7,150.72
P017,37,male,neg100,1,-100,202.7,150.98
P017,38,male,pos100,1,100,202.7,154.68
P017,39,male,pos100,1,100,202.7,151.24
P017,40,male,pos100,1,100,202.7,147.09
P017,41,male,pos100,1,100,202.7,147.10
P017,42,male,pos100,1,100,202.7,146.77
P017,43,male,control,0,0,202.7,143.33
P017,44,male,neg100,1,-100,202.7,145.00
P017,45,male,pos100,1,100,202.7,146.18
P017,46,male,pos100,1,100,202.7,141.47
P017,47,male,pos100,1,100,202.7,143.94
P017,48,male,neg100,1,-100,202.7,146.48
P017,49,male,neg100,1,-100,202.7,144.74
P017,50,male,pos100,1,100,202.7,144.91
P017,51,male,neg100,1,-100,202.7,145.90
P017,52,male,control,0,0,202.7,147.23
P017,53,male,pos100,1,100,202.7,145.60
P017,54,male,neg100,1,-100,202.7,143.97
P017,55,male,control,0,0,202.7,147.35
P017,56,male,neg100,1,-100,202.7,143.72
P017,57,male,control,0,0,202.7,143.75
P017,58,male,control,0,0,202.7,142.88
P017,59,male,neg100,1,-100,202.7,144.44
P017,60,male,pos100,1,100,202.7,144.07
P017,61,male,control,0,0,202.7,141.18
P017,62,male,neg100,1,-100,202.7,139.88
P017,63,male,neg100,1,-100,202.7,141.11
P017,64,male,control,0,0,202.7,140.05
P017,65,male,control,0,0,202.7,146.14
P017,66,male,pos100,1,100,202.7,142.97
P017,67,male,neg100,1,-100,202.7,142.66
P017,68,male,pos100,1,100,202.7,144.15
P017,69,male,neg100,1,-100,202.7,139.93
P017,70,male,control,0,0,202.7,144.83
P017,71,male,neg100,1,-100,202.7,145.78
P017,72,male,neg100,1,-100,202.7,149.70
P017,73,male,pos100,1,100,202.7,145.46
P017,74,male,neg100,1,-100,202.7,145.64
P017,75,male,pos100,1,100,202.7,147.83
P017,76,male,control,0,0,202.7,148.46
P017,77,male,control,0,0,202.7,150.20
P017,78,male,pos100,1,100,202.7,141.59
P017,79,male,control,0,0,202.7,142.43
P017,80,male,neg100,1,-100,202.7,148.44
P017,81,male,control,0,0,202.7,150.63
P017,82,male,pos100,1,100,202.7,150.11
P017,83,male,control,0,0,202.7,152.02
P017,84,male,control,0,0,202.7,148.76
P017,85,male,neg100,1,-100,202.7,150.63
P017,86,male,control,0,0,202.7,153.54
P017,87,male,neg100,1,-100,202.7,148.45
P017,88,male,pos100,1,100,202.7,154.11
P017,89,male,neg100,1,-100,202.7,154.36
P017,90,male,control,0,0,202.7,156.25
P017,91,male,pos100,1,100,202.7,157.53
P017,92,male,neg100,1,-100,202.7,155.39
P017,93,male,pos100,1,100,202.7,156.52
P017,94,male,control,0,0,202.7,151.92
P017,95,male,neg100,1,-100,202.7,154.67
P017,96,male,pos100,1,100,202.7,156.40
P017,97,male,pos100,1,100,202.7,153.04
P017,98,male,neg100,1,-100,202.7,158.52
P017,99,male,neg100,1,-100,202.7,155.92
P017,100,male,pos100,1,100,202.7,153.88
P017,101,male,neg100,1,-100,202.7,155.91
P017,102,male,pos100,1,100,202.7,156.60
P017,103,male,neg100,1,-100,202.7,156.06
P017,104,male,pos100,1,100,202.7,154.69
P017,105,male,pos100,1,100,202.7,153.85
P017,106,male,pos100,1,100,202.7,156.60
P017,107,male,control,0,0,202.7,154.29
P017,108,male,neg100,1,-100,202.7,156.22
P017,109,male,control,0,0,202.7,155.28
P017,110,male,neg100,1,-100,202.7,158.04
P017,111,male,control,0,0,202.7,156.10
P017,112,male,neg100,1,-100,202.7,157.35
P017,113,male,control,0,0,202.7,157.75
P017,114,male,pos100,1,100,202.7,157.30
P017,115,male,control,0,0,202.7,156.03
P017,116,male,control,0,0,202.7,153.13
P017,117,male,pos100,1,100,202.7,154.43
P017,118,male,pos100,1,100,202.7,154.90
P017,119,male,neg100,1,-100,202.7,155.47
P017,120,male,control,0,0,202.7,162.08
P017,121,male,control,0,0,202.7,163.58
P017,122,male,control,0,0,202.7,166.46
P017,123,male,neg100,1,-100,202.7,164.91
P017,124,male,pos100,1,100,202.7,164.43
P017,125,male,pos100,1,100,202.7,164.03
P017,126,male,control,0,0,202.7,165.55
P017,127,male,neg100,1,-100,202.7,161.81
P017,128,male,pos100,1,100,202.7,160.13
P017,129,male,neg100,1,-100,202.7,160.52
P017,130,male,neg100,1,-100,202.7,163.28
P017,131,male,neg100,1,-100,202.7,166.39
P017,132,male,control,0,0,202.7,165.27
P017,133,male,neg100,1,-100,202.7,166.13
P017,134,male,pos100,1,100,202.7,169.65
P017,135,male,pos100,1,100,202.7,165.12
P017,136,male,neg100,1,-100,202.7,162.13
P017,137,male,control,0,0,202.7,162.17
P017,138,male,control,0,0,202.7,162.72
P017,139,male,neg100,1,-100,202.7,158.42
P017,140,male,control,0,0,202.7,153.29
P017,141,male,control,0,0,202.7,152.92
P017,142,male,pos100,1,100,202.7,155.29
P017,143,male,pos100,1,100,202.7,153.15
P017,144,male,neg100,1,-100,202.7,151.71
P017,145,male,pos100,1,100,202.7,150.14
P017,146,male,pos100,1,100,202.7,160.33
P017,147,male,neg100,1,-100,202.7,157.07
P017,148,male,control,0,0,202.7,153.18
P017,149,male,pos100,1,100,202.7,155.03
P017,150,male,control,0,0,202.7,154.95
P017,151,male,control,0,0,202.7,154.21
P017,152,male,neg100,1,-100,202.7,151.21
P017,153,male,neg100,1,-100,202.7,157.15
P017,154,male,neg100,1,-100,202.7,157.83
P017,155,male,pos100,1,100,202.7,153.68
P017,156,male,neg100,1,-100,202.7,160.40
P017,157,male,neg100,1,-100,202.7,158.68
P017,158,male,control,0,0,202.7,154.43
P017,159,male,neg100,1,-100,202.7,151.47
P017,160,male,pos100,1,100,202.7,160.51
P017,161,male,pos100,1,100,202.7,153.89
P017,162,male,pos100,1,100,202.7,152.99
P017,163,male,pos100,1,100,202.7,151.93
P017,164,male,pos100,1,100,202.7,157.69
P017,165,male,control,0,0,202.7,150.91
P017,166,male,pos100,1,100,202.7,162.75
P017,167,male,pos100,1,100,202.7,162.68
P017,168,male,control,0,0,202.7,166.77
P017,169,male,control,0,0,202.7,163.52
P017,170,male,neg100,1,-100,202.7,163.40
P017,171,male,neg100,1,-100,202.7,163.82
P017,172,male,pos100,1,100,202.7,166.08
P017,173,male,neg100,1,-100,202.7,164.87
P017,174,male,neg100,1,-100,202.7,168.59
P017,175,male,pos100,1,100,202.7,164.22
P017,176,male,control,0,0,202.7,163.87
P017,177,male,control,0,0,202.7,164.27
P017,178,male,control,0,0,202.7,163.88
P017,179,male,pos100,1,100,202.7,161.66
P017,180,male,control,0,0,202.7,161.70
P017,181,male,pos100,1,100,202.7,163.39
P017,182,male,control,0,0,202.7,160.76
P017,183,male,neg100,1,-100,202.7,161.80
P017,184,male,pos100,1,100,202.7,163.91
P017,185,male,control,0,0,202.7,159.25
P017,186,male,neg100,1,-100,202.7,163.67
P017,187,male,neg100,1,-100,202.7,160.25
P017,188,male,neg100,1,-100,202.7,163.27
P017,189,male,pos100,1,100,202.7,162.13
P017,190,male,neg100,1,-100,202.7,160.80
P017,191,male,pos100,1,100,202.7,159.96
P017,192,male,pos100,1,100,202.7,164.04
P017,193,male,neg100,1,-100,202.7,163.78
P017,194,male,control,0,0,202.7,162.43
P017,195,male,control,0,0,202.7,158.84
P017,196,male,control,0,0,202.7,160.65
P017,197,male,control,0,0,202.7,163.16
P017,198,male,neg100,1,-100,202.7,161.30
P017,199,male,pos100,1,100,202.7,162.64
P017,200,male,pos100,1,100,202.7,160.29
P017,201,male,neg100,1,-100,202.7,160.25
P017,202,male,pos100,1,100,202.7,160.65
P017,203,male,neg100,1,-100,202.7,156.91
P017,204,male,control,0,0,202.7,162.48
P017,205,male,pos100,1,100,202.7,163.77
P017,206,male,control,0,0,202.7,160.42
P017,207,male,pos100,1,100,202.7,159.79
P017,208,male,neg100,1,-100,202.7,156.17
P017,209,male,neg100,1,-100,202.7,160.33
P017,210,male,pos100,1,100,202.7,154.25
P017,211,male,neg100,1,-100,202.7,158.23
P017,212,male,pos100,1,100,202.7,155.44
P017,213,male,control,0,0,202.7,156.41
P017,214,male,pos100,1,100,202.7,153.75
P017,215,male,neg100,1,-100,202.7,156.45
P017,216,male,control,0,0,202.7,151.63
P017,217,male,control,0,0,202.7,149.44
P017,218,male,pos100,1,100,202.7,150.01
P017,219,male,neg100,1,-100,202.7,147.38
P017,220,male,neg100,1,-100,202.7,148.35
P018,1,female,pos100,1,100,202.7,230.59
P018,2,female,pos100,1,100,202.7,227.41
P018,3,female,neg100,1,-100,202.7,229.09
P018,4,female,pos100,1,100,202.7,228.97
P018,5,female,neg100,1,-100,202.7,228.19
P018,6,female,control,0,0,202.7,228.56
P018,7,female,control,0,0,202.7,228.30
P018,8,female,neg100,1,-100,202.7,228.07
P018,9,female,control,0,0,202.7,229.30
P018,10,female,control,0,0,202.7,229.95
P018,11,female,neg100,1,-100,202.7,230.79
P018,12,female,pos100,1,100,202.7,228.17
P018,13,female,pos100,1,100,202.7,229.13
P018,14,female,pos100,1,100,202.7,228.97
P018,15,female,neg100,1,-100,202.7,228.44
P018,16,female,neg100,1,-100,202.7,230.30
P018,17,female,control,0,0,202.7,236.39
P018,18,female,control,0,0,202.7,229.84
P018,19,female,control,0,0,202.7,230.73
P018,20,female,control,0,0,202.7,232.54
P018,21,female,control,0,0,202.7,230.98
P018,22,female,neg100,1,-100,202.7,232.87
P018,23,female,pos100,1,100,202.7,232.36
P018,24,female,pos100,1,100,202.7,233.80
P018,25,female,control,0,0,202.7,232.29
P018,26,female,neg100,1,-100,202.7,233.24
P018,27,female,neg100,1,-100,202.7,233.62
P018,28,female,control,0,0,202.7,232.92
P018,29,female,pos100,1,100,202.7,233.85
P018,30,female,control,0,0,202.7,232.33
P018,31,female,neg100,1,-100,202.7,234.74
P018,32,female,pos100,1,100,202.7,235.16
P018,33,female,pos100,1,100,202.7,233.59
P018,34,female,neg100,1,-100,202.7,231.83
P018,35,female,neg100,1,-100,202.7,233.63
P018,36,female,neg100,1,-100,202.7,234.57
P018,37,female,pos100,1,100,202.7,230.53
P018,38,female,neg100,1,-100,202.7,234.43
P018,39,female,pos100,1,100,202.7,236.65
P018,40,female,pos100,1,100,202.7,235.60
P018,41,female,pos100,1,100,202.7,234.99
P018,42,female,pos100,1,100,202.7,232.31
P018,43,female,pos100,1,100,202.7,231.62
P018,44,female,control,0,0,202.7,228.36
P018,45,female,neg100,1,-100,202.7,232.25
P018,46,female,pos100,1,100,202.7,233.97
P018,47,female,pos100,1,100,202.7,234.54
P018,48,female,pos100,1,100,202.7,232.55
P018,49,female,neg100,1,-100,202.7,235.32
P018,50,female,neg100,1,-100,202.7,237.44
P018,51,female,pos100,1,100,202.7,233.98
P018,52,female,neg100,1,-100,202.7,236.66
P018,53,female,control,0,0,202.7,237.46
P018,54,female,pos100,1,100,202.7,238.53
P018,55,female,neg100,1,-100,202.7,236.99
P018,56,female,control,0,0,202.7,240.17
P018,57,female,neg100,1,-100,202.7,239.85
P018,58,female,control,0,0,202.7,238.02
P018,59,female,control,0,0,202.7,236.94
P018,60,female,neg100,1,-100,202.7,238.03
P018,61,female,pos100,1,100,202.7,237.89
P018,62,female,control,0,0,202.7,236.39
P018,63,female,neg100,1,-100,202.7,236.40
P018,64,female,neg100,1,-100,202.7,236.76
P018,65,female,control,0,0,202.7,235.81
P018,66,female,control,0,0,202.7,234.55
P018,67,female,pos100,1,100,202.7,237.63
P018,68,female,neg100,1,-100,202.7,235.43
P018,69,female,pos100,1,100,202.7,237.55
P018,70,female,neg100,1,-100,202.7,236.56
P018,71,female,control,0,0,202.7,236.06
P018,72,female,neg100,1,-100,202.7,235.99
P018,73,female,neg100,1,-100,202.7,236.12
P018,74,female,pos100,1,100,202.7,235.24
P018,75,female,neg100,1,-100,202.7,236.40
P018,76,female,pos100,1,100,202.7,238.94
P018,77,female,control,0,0,202.7,234.54
P018,78,female,control,0,0,202.7,236.74
P018,79,female,pos100,1,100,202.7,236.39
P018,80,female,control,0,0,202.7,239.03
P018,81,female,neg100,1,-100,202.7,236.23
P018,82,female,control,0,0,202.7,235.88
P018,83,female,pos100,1,100,202.7,236.03
P018,84,female,control,0,0,202.7,234.64
P018,85,female,control,0,0,202.7,234.26
P018,86,female,neg100,1,-100,202.7,236.81
P018,87,female,control,0,0,202.7,235.06
P018,88,female,neg100,1,-100,202.7,236.65
P018,89,female,pos100,1,100,202.7,237.41
P018,90,female,neg100,1,-100,202.7,233.72
P018,91,female,control,0,0,202.7,235.80
P018,92,female,pos100,1,100,202.7,236.49
P018,93,female,neg100,1,-100,202.7,238.45
P018,94,female,pos100,1,100,202.7,235.21
P018,95,female,control,0,0,202.7,230.96
P018,96,female,neg100,1,-100,202.7,231.89
P018,97,female,pos100,1,100,202.7,232.65
P018,98,female,pos100,1,100,202.7,233.21
P018,99,female,neg100,1,-100,202.7,232.68
P018,100,female,neg100,1,-100,202.7,234.50
P018,101,female,pos100,1,100,202.7,232.90
P018,102,female,neg100,1,-100,202.7,240.04
P018,103,female,pos100,1,100,202.7,234.59
P018,104,female,neg100,1,-100,202.7,233.74
P018,105,female,pos100,1,100,202.7,232.62
P018,106,female,pos100,1,100,202.7,233.85
P018,107,female,pos100,1,100,202.7,230.82
P018,108,female,control,0,0,202.7,231.02
P018,109,female,neg100,1,-100,202.7,232.57
P018,110,female,control,0,0,202.7,232.84
P018,111,female,neg100,1,-100,202.7,233.58
P018,112,female,control,0,0,202.7,233.69
P018,113,female,neg100,1,-100,202.7,231.87
P018,114,female,control,0,0,202.7,235.28
P018,115,female,pos100,1,100,202.7,233.62
P018,116,female,control,0,0,202.7,233.38
P018,117,female,control,0,0,202.7,232.91
P018,118,female,pos100,1,100,202.7,237.24
P018,119,female,pos100,1,100,202.7,232.69
P018,120,female,neg100,1,-100,202.7,236.02
P018,121,female,control,0,0,202.7,236.29
P018,122,female,pos100,1,100,202.7,230.91
P018,123,female,control,0,0,202.7,229.74
P018,124,female,pos100,1,100,202.7,229.61
P018,125,female,pos100,1,100,202.7,228.73
P018,126,female,pos100,1,100,202.7,229.92
P018,127,female,control,0,0,202.7,229.43
P018,128,female,pos100,1,100,202.7,230.25
P018,129,female,neg100,1,-100,202.7,227.90
P018,130,female,pos100,1,100,202.7,226.86
P018,131,female,neg100,1,-100,202.7,231.08
P018,132,female,neg100,1,-100,202.7,231.71
P018,133,female,control,0,0,202.7,228.75
P018,134,female,control,0,0,202.7,231.17
P018,135,female,pos100,1,100,202.7,230.88
P018,136,female,control,0,0,202.7,229.04
P018,137,female,control,0,0,202.7,227.16
P018,138,female,neg100,1,-100,202.7,231.51
P018,139,female,pos100,1,100,202.7,231.09
P018,140,female,pos100,1,100,202.7,230.95
P018,141,female,neg100,1,-100,202.7,230.81
P018,142,female,neg100,1,-100,202.7,228.00
P018,143,female,neg100,1,-100,202.7,230.46
P018,144,female,control,0,0,202.7,229.15
P018,145,female,neg100,1,-100,202.7,230.30
P018,146,female,control,0,0,202.7,226.78
P018,147,female,control,0,0,202.7,227.31
P018,148,female,neg100,1,-100,202.7,229.07
P018,149,female,pos100,1,100,202.7,228.83
P018,150,female,neg100,1,-100,202.7,227.90
P018,151,female,pos100,1,100,202.7,227.27
P018,152,female,neg100,1,-100,202.7,229.39
P018,153,female,neg100,1,-100,202.7,229.66
P018,154,female,control,0,0,202.7,230.21
P018,155,female,pos100,1,100,202.7,230.64
P018,156,female,pos100,1,100,202.7,231.93
P018,157,female,neg100,1,-100,202.7,228.39
P018,158,female,pos100,1,100,202.7,229.82
P018,159,female,control,0,0,202.7,228.09
P018,160,female,pos100,1,100,202.7,230.26
P018,161,female,control,0,0,202.7,230.12
P018,162,female,pos100,1,100,202.7,237.80
P018,163,female,pos100,1,100,202.7,236.79
P018,164,female,control,0,0,202.7,231.61
P018,165,female,neg100,1,-100,202.7,233.47
P018,166,female,neg100,1,-100,202.7,231.05
P018,167,female,pos100,1,100,202.7,233.73
P018,168,female,neg100,1,-100,202.7,232.70
P018,169,female,neg100,1,-100,202.7,234.95
P018,170,female,pos100,1,100,202.7,233.43
P018,171,female,control,0,0,202.7,232.64
P018,172,female,control,0,0,202.7,231.18
P018,173,female,control,0,0,202.7,231.69
P018,174,female,pos100,1,100,202.7,235.11
P018,175,female,control,0,0,202.7,229.83
P018,176,female,pos100,1,100,202.7,228.83
P018,177,female,control,0,0,202.7,231.73
P018,178,female,neg100,1,-100,202.7,231.79
P018,179,female,pos100,1,100,202.7,233.00
P018,180,female,control,0,0,202.7,233.00
P018,181,female,neg100,1,-100,202.7,231.61
P018,182,female,neg100,1,-100,202.7,233.38
P018,183,female,neg100,1,-100,202.7,232.60
P018,184,female,pos100,1,100,202.7,234.71
P018,185,female,neg100,1,-100,202.7,231.57
P018,186,female,pos100,1,100,202.7,231.43
P018,187,female,pos100,1,100,202.7,229.47
P018,188,female,neg100,1,-100,202.7,229.82
P018,189,female,control,0,0,202.7,231.99
P018,190,female,control,0,0,202.7,229.94
P018,191,female,control,0,0,202.7,232.46
P018,192,female,control,0,0,202.7,230.78
P018,193,female,neg100,1,-100,202.7,232.38
P018,194,female,pos100,1,100,202.7,235.13
P018,195,female,pos100,1,100,202.7,230.50
P018,196,female,neg100,1,-100,202.7,229.02
P018,197,female,pos100,1,100,202.7,233.90
P018,198,female,neg100,1,-100,202.7,229.44
P018,199,female,control,0,0,202.7,231.88
P018,200,female,pos100,1,100,202.7,234.85
P018,201,female,control,0,0,202.7,235.20
P018,202,female,pos100,1,100,202.7,232.72
P018,203,female,neg100,1,-100,202.7,231.39
P018,204,female,neg100,1,-100,202.7,230.97
P018,205,female,pos100,1,100,202.7,230.29
P018,206,female,neg100,1,-100,202.7,230.37
P018,207,female,pos100,1,100,202.7,230.37
P018,208,female,control,0,0,202.7,235.63
P018,209,female,pos100,1,100,202.7,231.53
P018,210,female,neg100,1,-100,202.7,233.69
P018,211,female,control,0,0,202.7,223.61
P018,212,female,pos100,1,100,202.7,225.48
P018,213,female,control,0,0,202.7,221.67
P018,214,female,pos100,1,100,202.7,223.54
P018,215,female,neg100,1,-100,202.7,223.20
P018,216,female,neg100,1,-100,202.7,222.67
P019,1,female,pos100,1,100,202.7,259.99
P019,2,female,pos100,1,100,202.7,265.42
P019,3,female,neg100,1,-100,202.7,266.42
P019,4,female,pos100,1,100,202.7,270.49
P019,5,female,neg100,1,-100,202.7,269.26
P019,6,female,control,0,0,202.7,269.20
P019,7,female,control,0,0,202.7,270.85
P019,8,female,neg100,1,-100,202.7,273.97
P019,9,female,control,0,0,202.7,286.96
P019,10,female,control,0,0,202.7,278.19
P019,11,female,neg100,1,-100,202.7,276.50
P019,12,female,pos100,1,100,202.7,270.08
P019,13,female,pos100,1,100,202.7,270.30
P019,14,female,pos100,1,100,202.7,277.12
P019,15,female,neg100,1,-100,202.7,281.49
P019,16,female,neg100,1,-100,202.7,278.04
P019,17,female,control,0,0,202.7,284.45
P019,18,female,control,0,0,202.7,279.47
P019,19,female,control,0,0,202.7,272.46
P019,20,female,control,0,0,202.7,273.37
P019,21,female,control,0,0,202.7,275.42
P019,22,female,neg100,1,-100,202.7,274.83
P019,23,female,pos100,1,100,202.7,276.00
P019,24,female,pos100,1,100,202.7,271.63
P019,25,female,control,0,0,202.7,264.82
P019,26,female,neg100,1,-100,202.7,254.65
P019,27,female,neg100,1,-100,202.7,259.99
P019,28,female,control,0,0,202.7,264.96
P019,29,female,pos100,1,100,202.7,262.68
P019,30,female,control,0,0,202.7,265.36
P019,31,female,neg100,1,-100,202.7,262.76
P019,32,female,pos100,1,100,202.7,259.98
P019,33,female,pos100,1,100,202.7,257.86
P019,34,female,neg100,1,-100,202.7,262.52
P019,35,female,neg100,1,-100,202.7,258.70
P019,36,female,neg100,1,-100,202.7,253.09
P019,37,female,pos100,1,100,202.7,267.13
P019,38,female,neg100,1,-100,202.7,241.65
P019,39,female,pos100,1,100,202.7,243.88
P019,40,female,pos100,1,100,202.7,239.70
P019,41,female,pos100,1,100,202.7,247.91
P019,42,female,pos100,1,100,202.7,243.09
P019,43,female,pos100,1,100,202.7,242.62
P019,44,female,control,0,0,202.7,237.07
P019,45,female,neg100,1,-100,202.7,227.25
P019,46,female,pos100,1,100,202.7,229.11
P019,47,female,pos100,1,100,202.7,227.68
P019,48,female,pos100,1,100,202.7,218.64
P019,49,female,neg100,1,-100,202.7,206.79
P019,50,female,neg100,1,-100,202.7,230.42
P019,51,female,pos100,1,100,202.7,232.37
P019,52,female,neg100,1,-100,202.7,224.76
P019,53,female,control,0,0,202.7,224.08
P019,54,female,pos100,1,100,202.7,223.56
P019,55,female,neg100,1,-100,202.7,220.34
P019,56,female,control,0,0,202.7,221.99
P019,57,female,neg100,1,-100,202.7,222.04
P019,58,female,control,0,0,202.7,225.64
P019,59,female,control,0,0,202.7,226.56
P019,60,female,neg100,1,-100,202.7,229.84
P019,61,female,pos100,1,100,202.7,239.10
P019,62,female,control,0,0,202.7,223.22
P019,63,female,neg100,1,-100,202.7,213.39
P019,64,female,neg100,1,-100,202.7,221.63
P019,65,female,control,0,0,202.7,216.96
P019,66,female,control,0,0,202.7,219.07
P019,67,female,pos100,1,100,202.7,210.27
P019,68,female,neg100,1,-100,202.7,208.76
P019,69,female,pos100,1,100,202.7,214.21
P019,70,female,neg100,1,-100,202.7,218.30
P019,71,female,control,0,0,202.7,222.74
P019,72,female,neg100,1,-100,202.7,221.15
P019,73,female,neg100,1,-100,202.7,218.91
P019,74,female,pos100,1,100,202.7,215.00
P019,75,female,neg100,1,-100,202.7,217.73
P019,76,female,pos100,1,100,202.7,223.15
P019,77,female,control,0,0,202.7,216.94
P019,78,female,control,0,0,202.7,210.72
P019,79,female,pos100,1,100,202.7,217.01
P019,80,female,control,0,0,202.7,216.94
P019,81,female,pos100,1,100,202.7,228.51
P019,82,female,control,0,0,202.7,228.08
P019,83,female,pos100,1,100,202.7,225.27
P019,84,female,neg100,1,-100,202.7,232.27
P019,85,female,neg100,1,-100,202.7,234.68
P019,86,female,control,0,0,202.7,228.70
P019,87,female,control,0,0,202.7,242.04
P019,88,female,control,0,0,202.7,233.43
P019,89,female,control,0,0,202.7,230.45
P019,90,female,pos100,1,100,202.7,230.07
P019,91,female,pos100,1,100,202.7,226.92
P019,92,female,neg100,1,-100,202.7,224.48
P019,93,female,pos100,1,100,202.7,228.82
P019,94,female,pos100,1,100,202.7,221.43
P019,95,female,neg100,1,-100,202.7,230.86
P019,96,female,control,0,0,202.7,227.43
P019,97,female,neg100,1,-100,202.7,227.44
P019,98,female,pos100,1,100,202.7,228.13
P019,99,female,control,0,0,202.7,232.75
P019,100,female,neg100,1,-100,202.7,228.09
P019,101,female,neg100,1,-100,202.7,228.19
P019,102,female,pos100,1,100,202.7,227.66
P019,103,female,pos100,1,100,202.7,228.08
P019,104,female,pos100,1,100,202.7,228.60
P019,105,female,pos100,1,100,202.7,231.07
P019,106,female,control,0,0,202.7,227.48
P019,107,female,neg100,1,-100,202.7,220.38
P019,108,female,control,0,0,202.7,234.47
P019,109,female,control,0,0,202.7,228.50
P019,110,female,pos100,1,100,202.7,230.02
P019,111,female,pos100,1,100,202.7,227.96
P019,112,female,neg100,1,-100,202.7,221.75
P019,113,female,pos100,1,100,202.7,236.98
P019,114,female,neg100,1,-100,202.7,233.94
P019,115,female,neg100,1,-100,202.7,226.78
P019,116,female,neg100,1,-100,202.7,223.94
P019,117,female,neg100,1,-100,202.7,241.34
P019,118,female,control,0,0,202.7,248.12
P019,119,female,control,0,0,202.7,252.69
P019,120,female,neg100,1,-100,202.7,249.46
P019,121,female,neg100,1,-100,202.7,242.84
P019,122,female,neg100,1,-100,202.7,244.56
P019,123,female,control,0,0,202.7,238.54
P019,124,female,pos100,1,100,202.7,237.63
P019,125,female,neg100,1,-100,202.7,238.81
P019,126,female,neg100,1,-100,202.7,234.66
P019,127,female,control,0,0,202.7,240.35
P019,128,female,pos100,1,100,202.7,239.92
P019,129,female,control,0,0,202.7,239.47
P019,130,female,pos100,1,100,202.7,233.98
P019,131,female,pos100,1,100,202.7,234.33
P019,132,female,pos100,1,100,202.7,237.46
P019,133,female,control,0,0,202.7,238.26
P019,134,female,control,0,0,202.7,234.32
P019,135,female,control,0,0,202.7,232.09
P019,136,female,control,0,0,202.7,237.93
P019,137,female,control,0,0,202.7,233.19
P019,138,female,control,0,0,202.7,240.05
P019,139,female,neg100,1,-100,202.7,235.02
P019,140,female,neg100,1,-100,202.7,237.01
P019,141,female,pos100,1,100,202.7,241.75
P019,142,female,neg100,1,-100,202.7,245.80
P019,143,female,neg100,1,-100,202.7,241.57
P019,144,female,pos100,1,100,202.7,241.20
P019,145,female,neg100,1,-100,202.7,243.86
P019,146,female,pos100,1,100,202.7,246.51
P019,147,female,pos100,1,100,202.7,243.50
P019,148,female,neg100,1,-100,202.7,245.79
P019,149,female,pos100,1,100,202.7,245.51
P019,150,female,neg100,1,-100,202.7,239.58
P019,151,female,pos100,1,100,202.7,242.07
P019,152,female,neg100,1,-100,202.7,240.24
P019,153,female,neg100,1,-100,202.7,232.26
P019,154,female,control,0,0,202.7,241.14
P019,155,female,control,0,0,202.7,244.68
P019,156,female,pos100,1,100,202.7,252.15
P019,157,female,pos100,1,100,202.7,238.06
P019,158,female,control,0,0,202.7,235.05
P019,159,female,neg100,1,-100,202.7,233.50
P019,160,female,pos100,1,100,202.7,239.22
P019,161,female,control,0,0,202.7,232.73
P019,162,female,pos100,1,100,202.7,231.13
P019,163,female,neg100,1,-100,202.7,229.62
P019,164,female,neg100,1,-100,202.7,231.18
P019,165,female,neg100,1,-100,202.7,238.23
P019,166,female,pos100,1,100,202.7,220.22
P019,167,female,pos100,1,100,202.7,222.19
P019,168,female,neg100,1,-100,202.7,219.73
P019,169,female,control,0,0,202.7,230.08
P019,170,female,pos100,1,100,202.7,231.17
P019,171,female,control,0,0,202.7,224.13
P019,172,female,control,0,0,202.7,230.20
P019,173,female,neg100,1,-100,202.7,228.61
P019,174,female,neg100,1,-100,202.7,228.87
P019,175,female,pos100,1,100,202.7,234.88
P019,176,female,neg100,1,-100,202.7,241.88
P019,177,female,pos100,1,100,202.7,238.00
P019,178,female,control,0,0,202.7,242.46
P019,179,female,neg100,1,-100,202.7,237.00
P019,180,female,pos100,1,100,202.7,237.85
P019,181,female,pos100,1,100,202.7,236.78
P019,182,female,control,0,0,202.7,236.19
P019,183,female,pos100,1,100,202.7,236.64
P019,184,female,control,0,0,202.7,230.68
P019,185,female,pos100,1,100,202.7,228.25
P019,186,female,pos100,1,100,202.7,223.86
P019,187,female,control,0,0,202.7,231.98
P019,188,female,pos100,1,100,202.7,231.78
P019,189,female,neg100,1,-100,202.7,231.53
P019,190,female,neg100,1,-100,202.7,235.98
P019,191,female,pos100,1,100,202.7,242.55
P019,192,female,pos100,1,100,202.7,248.91
P019,193,female,pos100,1,100,202.7,239.94
P019,194,female,neg100,1,-100,202.7,232.39
P019,195,female,neg100,1,-100,202.7,234.69
P019,196,female,control,0,0,202.7,237.93
P019,197,female,control,0,0,202.7,232.09
P019,198,female,neg100,1,-100,202.7,233.03
P019,199,female,pos100,1,100,202.7,236.21
P019,200,female,control,0,0,202.7,239.98
P019,201,female,neg100,1,-100,202.7,240.19
P019,202,female,control,0,0,202.7,231.93
P019,203,female,neg100,1,-100,202.7,233.19
P019,204,female,neg100,1,-100,202.7,234.08
P019,205,female,control,0,0,202.7,232.56
P019,206,female,neg100,1,-100,202.7,229.69
P019,207,female,pos100,1,100,202.7,228.88
P019,208,female,control,0,0,202.7,235.05
P019,209,female,pos100,1,100,202.7,229.64
P019,210,female,control,0,0,202.7,234.04
P019,211,female,control,0,0,202.7,262.64
P019,212,female,pos100,1,100,202.7,259.78
P019,213,female,control,0,0,202.7,255.64
P019,214,female,pos100,1,100,202.7,257.65
P019,215,female,neg100,1,-100,202.7,262.56
P019,216,female,neg100,1,-100,202.7,269.22
P020,1,female,pos100,1,100,202.7,270.59
P020,2,female,pos100,1,100,202.7,266.75
P020,3,female,neg100,1,-100,202.7,271.07
P020,4,female,pos100,1,100,202.7,264.02
P020,5,female,neg100,1,-100,202.7,267.02
P020,6,female,control,0,0,202.7,268.54
P020,7,female,control,0,0,202.7,267.87
P020,8,female,neg100,1,-100,202.7,266.50
P020,9,female,control,0,0,202.7,268.99
P020,10,female,control,0,0,202.7,268.87
P020,11,female,neg100,1,-100,202.7,270.11
P020,12,female,pos100,1,100,202.7,270.97
P020,13,female,pos100,1,100,202.7,271.28
P020,14,female,pos100,1,100,202.7,272.62
P020,15,female,neg100,1,-100,202.7,270.56
P020,16,female,neg100,1,-100,202.7,270.54
P020,17,female,control,0,0,202.7,268.66
P020,18,female,control,0,0,202.7,267.89
P020,19,female,control,0,0,202.7,269.71
P020,20,female,control,0,0,202.7,270.11
P020,21,female,control,0,0,202.7,266.46
P020,22,female,neg100,1,-100,202.7,271.01
P020,23,female,pos100,1,100,202.7,269.37
P020,24,female,pos100,1,100,202.7,269.03
P020,25,female,control,0,0,202.7,269.37
P020,26,female,neg100,1,-100,202.7,274.70
P020,27,female,neg100,1,-100,202.7,278.22
P020,28,female,control,0,0,202.7,268.82
P020,29,female,pos100,1,100,202.7,264.86
P020,30,female,control,0,0,202.7,267.12
P020,31,female,neg100,1,-100,202.7,266.75
P020,32,female,pos100,1,100,202.7,269.15
P020,33,female,pos100,1,100,202.7,269.11
P020,34,female,neg100,1,-100,202.7,270.94
P020,35,female,neg100,1,-100,202.7,271.43
P020,36,female,neg100,1,-100,202.7,272.36
P020,37,female,pos100,1,100,202.7,274.80
P020,38,female,neg100,1,-100,202.7,270.52
P020,39,female,pos100,1,100,202.7,272.02
P020,40,female,pos100,1,100,202.7,270.88
P020,41,female,pos100,1,100,202.7,267.76
P020,42,female,pos100,1,100,202.7,263.80
P020,43,female,pos100,1,100,202.7,262.42
P020,44,female,control,0,0,202.7,267.65
P020,45,female,neg100,1,-100,202.7,260.61
P020,46,female,pos100,1,100,202.7,266.77
P020,47,female,pos100,1,100,202.7,269.74
P020,48,female,pos100,1,100,202.7,273.43
P020,49,female,neg100,1,-100,202.7,271.50
P020,50,female,neg100,1,-100,202.7,266.26
P020,51,female,pos100,1,100,202.7,264.61
P020,52,female,neg100,1,-100,202.7,266.72
P020,53,female,control,0,0,202.7,266.56
P020,54,female,pos100,1,100,202.7,269.91
P020,55,female,neg100,1,-100,202.7,270.49
P020,56,female,control,0,0,202.7,272.51
P020,57,female,neg100,1,-100,202.7,273.95
P020,58,female,control,0,0,202.7,274.54
P020,59,female,control,0,0,202.7,275.08
P020,60,female,neg100,1,-100,202.7,269.95
P020,61,female,pos100,1,100,202.7,277.09
P020,62,female,control,0,0,202.7,280.00
P020,63,female,neg100,1,-100,202.7,279.23
P020,64,female,neg100,1,-100,202.7,277.67
P020,65,female,control,0,0,202.7,283.74
P020,66,female,control,0,0,202.7,275.62
P020,67,female,pos100,1,100,202.7,273.14
P020,68,female,neg100,1,-100,202.7,273.81
P020,69,female,pos100,1,100,202.7,274.35
P020,70,female,neg100,1,-100,202.7,271.79
P020,71,female,control,0,0,202.7,270.19
P020,72,female,neg100,1,-100,202.7,269.09
P020,73,female,neg100,1,-100,202.7,269.65
P020,74,female,pos100,1,100,202.7,273.82
P020,75,female,neg100,1,-100,202.7,270.48
P020,76,female,pos100,1,100,202.7,269.55
P020,77,female,control,0,0,202.7,269.64
P020,78,female,control,0,0,202.7,273.23
P020,79,female,pos100,1,100,202.7,276.83
P020,80,female,control,0,0,202.7,270.65
P020,81,female,neg100,1,-100,202.7,279.26
P020,82,female,control,0,0,202.7,284.89
P020,83,female,pos100,1,100,202.7,285.24
P020,84,female,control,0,0,202.7,277.19
P020,85,female,control,0,0,202.7,277.36
P020,86,female,neg100,1,-100,202.7,275.18
P020,87,female,control,0,0,202.7,276.33
P020,88,female,neg100,1,-100,202.7,274.25
P020,89,female,pos100,1,100,202.7,272.94
P020,90,female,neg100,1,-100,202.7,271.36
P020,91,female,control,0,0,202.7,272.42
P020,92,female,pos100,1,100,202.7,273.28
P020,93,female,neg100,1,-100,202.7,271.04
P020,94,female,pos100,1,100,202.7,272.24
P020,95,female,control,0,0,202.7,272.55
P020,96,female,neg100,1,-100,202.7,269.78
P020,97,female,pos100,1,100,202.7,270.83
P020,98,female,pos100,1,100,202.7,271.27
P020,99,female,neg100,1,-100,202.7,270.32
P020,100,female,neg100,1,-100,202.7,271.57
P020,101,female,pos100,1,100,202.7,264.84
P020,102,female,neg100,1,-100,202.7,275.25
P020,103,female,pos100,1,100,202.7,269.43
P020,104,female,neg100,1,-100,202.7,270.90
P020,105,female,pos100,1,100,202.7,269.93
P020,106,female,pos100,1,100,202.7,272.85
P020,107,female,pos100,1,100,202.7,268.75
P020,108,female,control,0,0,202.7,268.38
P020,109,female,neg100,1,-100,202.7,265.81
P020,110,female,control,0,0,202.7,267.60
P020,111,female,neg100,1,-100,202.7,265.91
P020,112,female,control,0,0,202.7,267.85
P020,113,female,neg100,1,-100,202.7,270.19
P020,114,female,control,0,0,202.7,267.37
P020,115,female,pos100,1,100,202.7,265.49
P020,116,female,control,0,0,202.7,260.70
P020,117,female,control,0,0,202.7,261.82
P020,118,female,pos100,1,100,202.7,269.26
P020,119,female,pos100,1,100,202.7,262.16
P020,120,female,neg100,1,-100,202.7,268.93
P020,121,female,control,0,0,202.7,268.88
P020,122,female,neg100,1,-100,202.7,267.12
P020,123,female,pos100,1,100,202.7,271.76
P020,124,female,control,0,0,202.7,268.07
P020,125,female,pos100,1,100,202.7,270.05
P020,126,female,pos100,1,100,202.7,269.09
P020,127,female,pos100,1,100,202.7,267.77
P020,128,female,control,0,0,202.7,271.25
P020,129,female,pos100,1,100,202.7,270.59
P020,130,female,neg100,1,-100,202.7,269.17
P020,131,female,pos100,1,100,202.7,268.74
P020,132,female,neg100,1,-100,202.7,271.40
P020,133,female,neg100,1,-100,202.7,271.60
P020,134,female,control,0,0,202.7,272.86
P020,135,female,control,0,0,202.7,271.24
P020,136,female,pos100,1,100,202.7,268.13
P020,137,female,control,0,0,202.7,274.96
P020,138,female,control,0,0,202.7,266.34
P020,139,female,neg100,1,-100,202.7,264.92
P020,140,female,pos100,1,100,202.7,270.14
P020,141,female,pos100,1,100,202.7,268.56
P020,142,female,neg100,1,-100,202.7,268.74
P020,143,female,neg100,1,-100,202.7,267.14
P020,144,female,neg100,1,-100,202.7,272.69
P020,145,female,control,0,0,202.7,270.09
P020,146,female,neg100,1,-100,202.7,268.94
P020,147,female,control,0,0,202.7,272.83
P020,148,female,control,0,0,202.7,271.10
P020,149,female,neg100,1,-100,202.7,277.91
P020,150,female,pos100,1,100,202.7,278.57
P020,151,female,neg100,1,-100,202.7,272.68
P020,152,female,pos100,1,100,202.7,273.79
P020,153,female,neg100,1,-100,202.7,269.67
P020,154,female,neg100,1,-100,202.7,272.51
P020,155,female,control,0,0,202.7,272.57
P020,156,female,pos100,1,100,202.7,271.79
P020,157,female,pos100,1,100,202.7,271.97
P020,158,female,neg100,1,-100,202.7,273.82
P020,159,female,pos100,1,100,202.7,273.68
P020,160,female,control,0,0,202.7,272.28
P020,161,female,pos100,1,100,202.7,269.36
P020,162,female,control,0,0,202.7,269.14
P020,163,female,pos100,1,100,202.7,271.26
P020,164,female,pos100,1,100,202.7,268.49
P020,165,female,control,0,0,202.7,272.19
P020,166,female,control,0,0,202.7,272.73
P020,167,female,neg100,1,-100,202.7,266.92
P020,168,female,neg100,1,-100,202.7,264.09
P020,169,female,pos100,1,100,202.7,267.18
P020,170,female,neg100,1,-100,202.7,267.79
P020,171,female,neg100,1,-100,202.7,269.84
P020,172,female,pos100,1,100,202.7,270.83
P020,173,female,control,0,0,202.7,264.66
P020,174,female,control,0,0,202.7,267.11
P020,175,female,control,0,0,202.7,263.06
P020,176,female,pos100,1,100,202.7,263.91
P020,177,female,control,0,0,202.7,262.52
P020,178,female,pos100,1,100,202.7,265.65
P020,179,female,control,0,0,202.7,265.81
P020,180,female,neg100,1,-100,202.7,268.62
P020,181,female,pos100,1,100,202.7,268.22
P020,182,female,control,0,0,202.7,266.78
P020,183,female,neg100,1,-100,202.7,270.24
P020,184,female,neg100,1,-100,202.7,271.27
P020,185,female,neg100,1,-100,202.7,269.58
P020,186,female,pos100,1,100,202.7,274.30
P020,187,female,neg100,1,-100,202.7,274.24
P020,188,female,pos100,1,100,202.7,271.73
P020,189,female,pos100,1,100,202.7,272.14
P020,190,female,neg100,1,-100,202.7,268.59
P020,191,female,control,0,0,202.7,267.98
P020,192,female,control,0,0,202.7,269.27
P020,193,female,control,0,0,202.7,268.93
P020,194,female,control,0,0,202.7,269.91
P020,195,female,neg100,1,-100,202.7,274.34
P020,196,female,pos100,1,100,202.7,270.93
P020,197,female,pos100,1,100,202.7,274.78
P020,198,female,neg100,1,-100,202.7,271.75
P020,199,female,pos100,1,100,202.7,271.08
P020,200,female,neg100,1,-100,202.7,272.31
P020,201,female,control,0,0,202.7,274.15
P020,202,female,pos100,1,100,202.7,269.14
P020,203,female,control,0,0,202.7,266.48
P020,204,female,pos100,1,100,202.7,269.27
P020,205,female,neg100,1,-100,202.7,264.21
P020,206,female,neg100,1,-100,202.7,266.84
P020,207,female,pos100,1,100,202.7,266.37
P020,208,female,neg100,1,-100,202.7,267.16
P020,209,female,pos100,1,100,202.7,268.53
P020,210,female,control,0,0,202.7,269.90
P020,211,female,pos100,1,100,202.7,268.76
P020,212,female,neg100,1,-100,202.7,269.06
P020,213,female,control,0,0,202.7,238.28
P020,214,female,pos100,1,100,202.7,239.64
P020,215,female,control,0,0,202.7,239.11
P020,216,female,neg100,1,-100,202.7,241.39
P020,217,female,neg100,1,-100,202.7,245.40
P021,1,male,pos100,1,100,202.7,133.34
P021,2,male,neg100,1,-100,202.7,133.64
P021,3,male,pos100,1,100,202.7,139.90
P021,4,male,neg100,1,-100,202.7,135.79
P021,5,male,control,0,0,202.7,136.39
P021,6,male,control,0,0,202.7,138.37
P021,7,male,neg100,1,-100,202.7,139.57
P021,8,male,control,0,0,202.7,139.58
P021,9,male,control,0,0,202.7,141.82
P021,10,male,neg100,1,-100,202.7,140.99
P021,11,male,pos100,1,100,202.7,136.02
P021,12,male,pos100,1,100,202.7,141.24
P021,13,male,pos100,1,100,202.7,138.65
P021,14,male,neg100,1,-100,202.7,138.34
P021,15,male,neg100,1,-100,202.7,138.18
P021,16,male,control,0,0,202.7,137.41
P021,17,male,control,0,0,202.7,139.37
P021,18,male,control,0,0,202.7,140.44
P021,19,male,control,0,0,202.7,139.67
P021,20,male,control,0,0,202.7,144.33
P021,21,male,neg100,1,-100,202.7,139.10
P021,22,male,pos100,1,100,202.7,140.15
P021,23,male,pos100,1,100,202.7,139.43
P021,24,male,control,0,0,202.7,138.45
P021,25,male,neg100,1,-100,202.7,139.34
P021,26,male,neg100,1,-100,202.7,142.17
P021,27,male,control,0,0,202.7,139.97
P021,28,male,pos100,1,100,202.7,137.04
P021,29,male,control,0,0,202.7,139.19
P021,30,male,neg100,1,-100,202.7,140.35
P021,31,male,pos100,1,100,202.7,139.12
P021,32,male,pos100,1,100,202.7,140.55
P021,33,male,neg100,1,-100,202.7,141.06
P021,34,male,neg100,1,-100,202.7,138.31
P021,35,male,neg100,1,-100,202.7,138.99
P021,36,male,pos100,1,100,202.7,140.46
P021,37,male,neg100,1,-100,202.7,146.35
P021,38,male,pos100,1,100,202.7,146.94
P021,39,male,pos100,1,100,202.7,150.43
P021,40,male,pos100,1,100,202.7,138.32
P021,41,male,pos100,1,100,202.7,138.00
P021,42,male,pos100,1,100,202.7,148.45
P021,43,male,control,0,0,202.7,142.81
P021,44,male,neg100,1,-100,202.7,146.63
P021,45,male,pos100,1,100,202.7,146.94
P021,46,male,pos100,1,100,202.7,149.91
P021,47,male,pos100,1,100,202.7,145.57
P021,48,male,neg100,1,-100,202.7,147.76
P021,49,male,neg100,1,-100,202.7,148.35
P021,50,male,pos100,1,100,202.7,153.02
P021,51,male,neg100,1,-100,202.7,151.74
P021,52,male,control,0,0,202.7,149.19
P021,53,male,pos100,1,100,202.7,153.62
P021,54,male,neg100,1,-100,202.7,150.72
P021,55,male,control,0,0,202.7,151.93
P021,56,male,neg100,1,-100,202.7,152.03
P021,57,male,control,0,0,202.7,151.35
P021,58,male,control,0,0,202.7,151.03
P021,59,male,neg100,1,-100,202.7,153.90
P021,60,male,pos100,1,100,202.7,158.10
P021,61,male,control,0,0,202.7,152.02
P021,62,male,neg100,1,-100,202.7,152.21
P021,63,male,neg100,1,-100,202.7,152.71
P021,64,male,control,0,0,202.7,152.64
P021,65,male,control,0,0,202.7,155.45
P021,66,male,pos100,1,100,202.7,153.49
P021,67,male,neg100,1,-100,202.7,155.99
P021,68,male,pos100,1,100,202.7,154.81
P021,69,male,neg100,1,-100,202.7,153.74
P021,70,male,control,0,0,202.7,152.64
P021,71,male,neg100,1,-100,202.7,151.21
P021,72,male,neg100,1,-100,202.7,150.43
P021,73,male,pos100,1,100,202.7,150.78
P021,74,male,neg100,1,-100,202.7,153.42
P021,75,male,pos100,1,100,202.7,159.94
P021,76,male,control,0,0,202.7,167.75
P021,77,male,control,0,0,202.7,168.35
P021,78,male,pos100,1,100,202.7,172.81
P021,79,male,control,0,0,202.7,173.87
P021,80,male,neg100,1,-100,202.7,163.18
P021,81,male,control,0,0,202.7,167.24
P021,82,male,pos100,1,100,202.7,170.08
P021,83,male,control,0,0,202.7,175.22
P021,84,male,control,0,0,202.7,177.41
P021,85,male,neg100,1,-100,202.7,173.01
P021,86,male,control,0,0,202.7,173.54
P021,87,male,neg100,1,-100,202.7,175.43
P021,88,male,pos100,1,100,202.7,174.18
P021,89,male,pos100,1,100,202.7,177.25
P021,90,male,pos100,1,100,202.7,94.96
P021,91,male,pos100,1,100,202.7,93.90
P021,92,male,neg100,1,-100,202.7,95.50
P021,93,male,neg100,1,-100,202.7,95.12
P021,94,male,pos100,1,100,202.7,95.43
P021,95,male,pos100,1,100,202.7,95.15
P021,96,male,neg100,1,-100,202.7,97.60
P021,97,male,pos100,1,100,202.7,95.70
P021,98,male,pos100,1,100,202.7,96.19
P021,99,male,pos100,1,100,202.7,96.27
P021,100,male,control,0,0,202.7,95.65
P021,101,male,control,0,0,202.7,96.97
P021,102,male,neg100,1,-100,202.7,95.57
P021,103,male,control,0,0,202.7,95.43
P021,104,male,neg100,1,-100,202.7,94.89
P021,105,male,control,0,0,202.7,95.47
P021,106,male,pos100,1,100,202.7,96.86
P021,107,male,control,0,0,202.7,95.51
P021,108,male,control,0,0,202.7,104.56
P021,109,male,pos100,1,100,202.7,108.71
P021,110,male,pos100,1,100,202.7,107.37
P021,111,male,neg100,1,-100,202.7,107.89
P021,112,male,neg100,1,-100,202.7,168.60
P021,113,male,control,0,0,202.7,171.08
P021,114,male,pos100,1,100,202.7,172.49
P021,115,male,pos100,1,100,202.7,172.13
P021,116,male,pos100,1,100,202.7,171.64
P021,117,male,neg100,1,-100,202.7,164.60
P021,118,male,pos100,1,100,202.7,170.02
P021,119,male,control,0,0,202.7,172.20
P021,120,male,neg100,1,-100,202.7,172.85
P021,121,male,pos100,1,100,202.7,167.82
P021,122,male,neg100,1,-100,202.7,166.16
P021,123,male,pos100,1,100,202.7,173.91
P021,124,male,neg100,1,-100,202.7,167.76
P021,125,male,neg100,1,-100,202.7,169.67
P021,126,male,control,0,0,202.7,171.31
P021,127,male,control,0,0,202.7,167.83
P021,128,male,neg100,1,-100,202.7,169.55
P021,129,male,neg100,1,-100,202.7,168.20
P021,130,male,pos100,1,100,202.7,171.64
P021,131,male,neg100,1,-100,202.7,93.88
P021,132,male,neg100,1,-100,202.7,177.85
P021,133,male,neg100,1,-100,202.7,177.82
P021,134,male,control,0,0,202.7,93.77
P021,135,male,pos100,1,100,202.7,178.75
P021,136,male,pos100,1,100,202.7,177.69
P021,137,male,control,0,0,202.7,173.93
P021,138,male,neg100,1,-100,202.7,173.08
P021,139,male,pos100,1,100,202.7,173.40
P021,140,male,neg100,1,-100,202.7,173.05
P021,141,male,neg100,1,-100,202.7,172.66
P021,142,male,control,0,0,202.7,172.11
P021,143,male,pos100,1,100,202.7,173.76
P021,144,male,neg100,1,-100,202.7,173.45
P021,145,male,control,0,0,202.7,172.01
P021,146,male,control,0,0,202.7,173.71
P021,147,male,pos100,1,100,202.7,172.86
P021,148,male,pos100,1,100,202.7,171.70
P021,149,male,neg100,1,-100,202.7,175.65
P021,150,male,control,0,0,202.7,173.79
P021,151,male,pos100,1,100,202.7,173.25
P021,152,male,control,0,0,202.7,172.24
P021,153,male,pos100,1,100,202.7,169.49
P021,154,male,control,0,0,202.7,174.89
P021,155,male,neg100,1,-100,202.7,172.74
P021,156,male,neg100,1,-100,202.7,172.20
P021,157,male,pos100,1,100,202.7,169.52
P021,158,male,control,0,0,202.7,165.38
P021,159,male,control,0,0,202.7,176.87
P021,160,male,neg100,1,-100,202.7,167.86
P021,161,male,neg100,1,-100,202.7,175.52
P021,162,male,neg100,1,-100,202.7,175.81
P021,163,male,pos100,1,100,202.7,174.23
P021,164,male,neg100,1,-100,202.7,172.46
P021,165,male,pos100,1,100,202.7,175.30
P021,166,male,neg100,1,-100,202.7,174.24
P021,167,male,pos100,1,100,202.7,174.95
P021,168,male,pos100,1,100,202.7,170.52
P021,169,male,pos100,1,100,202.7,172.58
P021,170,male,neg100,1,-100,202.7,170.97
P021,171,male,pos100,1,100,202.7,168.68
P021,172,male,pos100,1,100,202.7,169.33
P021,173,male,control,0,0,202.7,169.55
P021,174,male,neg100,1,-100,202.7,175.60
P021,175,male,pos100,1,100,202.7,173.00
P021,176,male,control,0,0,202.7,170.83
P021,177,male,control,0,0,202.7,168.74
P021,178,male,neg100,1,-100,202.7,166.57
P021,179,male,control,0,0,202.7,167.60
P021,180,male,control,0,0,202.7,168.98
P021,181,male,control,0,0,202.7,169.76
P021,182,male,pos100,1,100,202.7,167.35
P021,183,male,neg100,1,-100,202.7,166.03
P021,184,male,pos100,1,100,202.7,167.11
P021,185,male,neg100,1,-100,202.7,168.05
P021,186,male,pos100,1,100,202.7,163.96
P021,187,male,control,0,0,202.7,164.34
P021,188,male,control,0,0,202.7,138.70
P021,189,male,pos100,1,100,202.7,136.78
P021,190,male,control,0,0,202.7,137.16
P021,191,male,pos100,1,100,202.7,138.45
P021,192,male,neg100,1,-100,202.7,136.64
P021,193,male,neg100,1,-100,202.7,137.87
P022,1,male,pos100,1,100,202.7,138.73
P022,2,male,control,0,0,202.7,139.66
P022,3,male,neg100,1,-100,202.7,139.77
P022,4,male,neg100,1,-100,202.7,138.87
P022,5,male,neg100,1,-100,202.7,141.56
P022,6,male,pos100,1,100,202.7,140.45
P022,7,male,pos100,1,100,202.7,141.33
P022,8,male,pos100,1,100,202.7,142.78
P022,9,male,control,0,0,202.7,141.44
P022,10,male,control,0,0,202.7,140.80
P022,11,male,control,0,0,202.7,141.88
P022,12,male,control,0,0,202.7,142.83
P022,13,male,pos100,1,100,202.7,144.24
P022,14,male,pos100,1,100,202.7,142.52
P022,15,male,neg100,1,-100,202.7,142.19
P022,16,male,control,0,0,202.7,141.93
P022,17,male,pos100,1,100,202.7,142.49
P022,18,male,neg100,1,-100,202.7,140.30
P022,19,male,neg100,1,-100,202.7,142.81
P022,20,male,control,0,0,202.7,142.80
P022,21,male,pos100,1,100,202.7,143.64
P022,22,male,neg100,1,-100,202.7,140.82
P022,23,male,neg100,1,-100,202.7,142.59
P022,24,male,control,0,0,202.7,143.30
P022,25,male,control,0,0,202.7,143.78
P022,26,male,control,0,0,202.7,143.80
P022,27,male,pos100,1,100,202.7,142.00
P022,28,male,pos100,1,100,202.7,142.31
P022,29,male,neg100,1,-100,202.7,142.69
P022,30,male,neg100,1,-100,202.7,141.93
P022,31,male,neg100,1,-100,202.7,142.78
P022,32,male,neg100,1,-100,202.7,141.85
P022,33,male,control,0,0,202.7,142.50
P022,34,male,neg100,1,-100,202.7,142.61
P022,35,male,pos100,1,100,202.7,141.42
P022,36,male,pos100,1,100,202.7,140.75
P022,37,male,neg100,1,-100,202.7,142.03
P022,38,male,control,0,0,202.7,142.06
P022,39,male,pos100,1,100,202.7,141.15
P022,40,male,pos100,1,100,202.7,142.04
P022,41,male,neg100,1,-100,202.7,129.50
P022,42,male,neg100,1,-100,202.7,132.76
P022,43,male,control,0,0,202.7,131.99
P022,44,male,neg100,1,-100,202.7,132.63
P022,45,male,pos100,1,100,202.7,132.89
P022,46,male,neg100,1,-100,202.7,132.56
P022,47,male,pos100,1,100,202.7,132.42
P022,48,male,control,0,0,202.7,132.23
P022,49,male,control,0,0,202.7,131.89
P022,50,male,pos100,1,100,202.7,132.61
P022,51,male,pos100,1,100,202.7,133.40
P022,52,male,neg100,1,-100,202.7,135.36
P022,53,male,pos100,1,100,202.7,132.41
P022,54,male,neg100,1,-100,202.7,132.71
P022,55,male,control,0,0,202.7,134.91
P022,56,male,neg100,1,-100,202.7,132.39
P022,57,male,control,0,0,202.7,131.72
P022,58,male,control,0,0,202.7,134.15
P022,59,male,neg100,1,-100,202.7,134.34
P022,60,male,pos100,1,100,202.7,134.24
P022,61,male,neg100,1,-100,202.7,134.72
P022,62,male,neg100,1,-100,202.7,135.22
P022,63,male,pos100,1,100,202.7,135.90
P022,64,male,control,0,0,202.7,136.76
P022,65,male,pos100,1,100,202.7,136.87
P022,66,male,control,0,0,202.7,136.35
P022,67,male,neg100,1,-100,202.7,136.70
P022,68,male,pos100,1,100,202.7,135.73
P022,69,male,control,0,0,202.7,136.87
P022,70,male,neg100,1,-100,202.7,135.83
P022,71,male,pos100,1,100,202.7,136.69
P022,72,male,control,0,0,202.7,134.20
P022,73,male,neg100,1,-100,202.7,134.70
P022,74,male,pos100,1,100,202.7,136.26
P022,75,male,pos100,1,100,202.7,136.21
P022,76,male,pos100,1,100,202.7,137.87
P022,77,male,control,0,0,202.7,136.67
P022,78,male,pos100,1,100,202.7,138.17
P022,79,male,neg100,1,-100,202.7,136.36
P022,80,male,control,0,0,202.7,137.64
P022,81,male,control,0,0,202.7,140.05
P022,82,male,control,0,0,202.7,136.68
P022,83,male,control,0,0,202.7,140.97
P022,84,male,control,0,0,202.7,141.51
P022,85,male,control,0,0,202.7,143.62
P022,86,male,pos100,1,100,202.7,141.15
P022,87,male,neg100,1,-100,202.7,140.32
P022,88,male,control,0,0,202.7,143.05
P022,89,male,pos100,1,100,202.7,144.07
P022,90,male,neg100,1,-100,202.7,142.53
P022,91,male,pos100,1,100,202.7,141.60
P022,92,male,neg100,1,-100,202.7,142.62
P022,93,male,pos100,1,100,202.7,143.62
P022,94,male,neg100,1,-100,202.7,143.74
P022,95,male,pos100,1,100,202.7,142.08
P022,96,male,neg100,1,-100,202.7,142.77
P022,97,male,pos100,1,100,202.7,144.89
P022,98,male,control,0,0,202.7,143.31
P022,99,male,control,0,0,202.7,143.81
P022,100,male,neg100,1,-100,202.7,145.23
P022,101,male,control,0,0,202.7,145.54
P022,102,male,control,0,0,202.7,145.08
P022,103,male,neg100,1,-100,202.7,145.44
P022,104,male,neg100,1,-100,202.7,145.74
P022,105,male,control,0,0,202.7,144.39
P022,106,male,pos100,1,100,202.7,144.87
P022,107,male,neg100,1,-100,202.7,145.79
P022,108,male,neg100,1,-100,202.7,143.86
P022,109,male,pos100,1,100,202.7,145.07
P022,110,male,pos100,1,100,202.7,144.08
P022,111,male,neg100,1,-100,202.7,144.50
P022,112,male,pos100,1,100,202.7,145.78
P022,113,male,pos100,1,100,202.7,145.38
P022,114,male,neg100,1,-100,202.7,144.56
P022,115,male,control,0,0,202.7,144.05
P022,116,male,neg100,1,-100,202.7,145.04
P022,117,male,pos100,1,100,202.7,144.71
P022,118,male,neg100,1,-100,202.7,146.28
P022,119,male,pos100,1,100,202.7,146.04
P022,120,male,pos100,1,100,202.7,145.50
P022,121,male,neg100,1,-100,202.7,142.09
P022,122,male,neg100,1,-100,202.7,142.07
P022,123,male,control,0,0,202.7,142.50
P022,124,male,control,0,0,202.7,143.58
P022,125,male,control,0,0,202.7,143.08
P022,126,male,control,0,0,202.7,140.53
P022,127,male,neg100,1,-100,202.7,143.06
P022,128,male,neg100,1,-100,202.7,142.53
P022,129,male,pos100,1,100,202.7,144.81
P022,130,male,neg100,1,-100,202.7,144.55
P022,131,male,neg100,1,-100,202.7,145.48
P022,132,male,control,0,0,202.7,146.42
P022,133,male,control,0,0,202.7,146.23
P022,134,male,control,0,0,202.7,145.32
P022,135,male,pos100,1,100,202.7,144.65
P022,136,male,pos100,1,100,202.7,145.58
P022,137,male,pos100,1,100,202.7,146.24
P022,138,male,neg100,1,-100,202.7,147.32
P022,139,male,pos100,1,100,202.7,145.84
P022,140,male,control,0,0,202.7,146.12
P022,141,male,neg100,1,-100,202.7,146.60
P022,142,male,control,0,0,202.7,148.11
P022,143,male,neg100,1,-100,202.7,146.71
P022,144,male,pos100,1,100,202.7,146.30
P022,145,male,pos100,1,100,202.7,144.76
P022,146,male,control,0,0,202.7,145.98
P022,147,male,neg100,1,-100,202.7,146.29
P022,148,male,pos100,1,100,202.7,146.60
P022,149,male,neg100,1,-100,202.7,147.15
P022,150,male,pos100,1,100,202.7,147.62
P022,151,male,neg100,1,-100,202.7,146.79
P022,152,male,pos100,1,100,202.7,147.25
P022,153,male,neg100,1,-100,202.7,146.35
P022,154,male,pos100,1,100,202.7,147.60
P022,155,male,pos100,1,100,202.7,145.84
P022,156,male,control,0,0,202.7,146.06
P022,157,male,neg100,1,-100,202.7,146.16
P022,158,male,pos100,1,100,202.7,146.41
P022,159,male,control,0,0,202.7,145.39
P022,160,male,pos100,1,100,202.7,145.16
P022,161,male,neg100,1,-100,202.7,136.03
P022,162,male,neg100,1,-100,202.7,139.04
P022,163,male,pos100,1,100,202.7,139.12
P022,164,male,neg100,1,-100,202.7,140.40
P022,165,male,neg100,1,-100,202.7,138.59
P022,166,male,neg100,1,-100,202.7,139.77
P022,167,male,control,0,0,202.7,139.13
P022,168,male,pos100,1,100,202.7,140.89
P022,169,male,control,0,0,202.7,137.00
P022,170,male,neg100,1,-100,202.7,140.70
P022,171,male,pos100,1,100,202.7,141.75
P022,172,male,pos100,1,100,202.7,142.40
P022,173,male,control,0,0,202.7,142.12
P022,174,male,pos100,1,100,202.7,142.57
P022,175,male,control,0,0,202.7,142.53
P022,176,male,neg100,1,-100,202.7,141.56
P022,177,male,pos100,1,100,202.7,140.64
P022,178,male,control,0,0,202.7,143.13
P022,179,male,neg100,1,-100,202.7,142.20
P022,180,male,neg100,1,-100,202.7,143.74
P022,181,male,neg100,1,-100,202.7,143.13
P022,182,male,control,0,0,202.7,144.28
P022,183,male,pos100,1,100,202.7,142.87
P022,184,male,control,0,0,202.7,143.66
P022,185,male,neg100,1,-100,202.7,143.77
P022,186,male,neg100,1,-100,202.7,144.73
P022,187,male,control,0,0,202.7,145.34
P022,188,male,pos100,1,100,202.7,144.00
P022,189,male,pos100,1,100,202.7,145.09
P022,190,male,neg100,1,-100,202.7,143.61
P022,191,male,neg100,1,-100,202.7,144.53
P022,192,male,control,0,0,202.7,145.33
P022,193,male,control,0,0,202.7,146.08
P022,194,male,pos100,1,100,202.7,143.85
P022,195,male,pos100,1,100,202.7,145.02
P022,196,male,control,0,0,202.7,145.42
P022,197,male,pos100,1,100,202.7,145.37
P022,198,male,control,0,0,202.7,146.03
P022,199,male,pos100,1,100,202.7,144.96
P022,200,male,pos100,1,100,202.7,145.09
P022,201,male,pos100,1,100,202.7,145.72
P022,202,male,pos100,1,100,202.7,144.39
P022,203,male,control,0,0,202.7,144.74
P022,204,male,neg100,1,-100,202.7,144.36
P022,205,male,neg100,1,-100,202.7,144.98
P022,206,male,pos100,1,100,202.7,145.19
P022,207,male,pos100,1,100,202.7,146.09
P022,208,male,neg100,1,-100,202.7,145.49
P022,209,male,control,0,0,202.7,144.81
P022,210,male,control,0,0,202.7,145.81
P022,211,male,pos100,1,100,202.7,140.90
P022,212,male,control,0,0,202.7,141.24
P022,213,male,control,0,0,202.7,141.60
P022,214,male,neg100,1,-100,202.7,142.11
P022,215,male,pos100,1,100,202.7,142.34
P022,216,male,neg100,1,-100,202.7,141.69
P023,1,female,neg100,1,-100,202.7,195.29
P023,2,female,neg100,1,-100,202.7,190.83
P023,3,female,neg100,1,-100,202.7,192.90
P023,4,female,control,0,0,202.7,194.57
P023,5,female,control,0,0,202.7,195.08
P023,6,female,pos100,1,100,202.7,195.21
P023,7,female,pos100,1,100,202.7,191.83
P023,8,female,pos100,1,100,202.7,191.95
P023,9,female,control,0,0,202.7,191.82
P023,10,female,control,0,0,202.7,192.02
P023,11,female,control,0,0,202.7,190.03
P023,12,female,pos100,1,100,202.7,191.30
P023,13,female,neg100,1,-100,202.7,188.90
P023,14,female,pos100,1,100,202.7,191.72
P023,15,female,pos100,1,100,202.7,188.95
P023,16,female,neg100,1,-100,202.7,194.34
P023,17,female,neg100,1,-100,202.7,190.87
P023,18,female,pos100,1,100,202.7,193.60
P023,19,female,neg100,1,-100,202.7,191.94
P023,20,female,pos100,1,100,202.7,194.35
P023,21,female,control,0,0,202.7,192.47
P023,22,female,control,0,0,202.7,189.34
P023,23,female,neg100,1,-100,202.7,191.93
P023,24,female,neg100,1,-100,202.7,193.06
P023,25,female,pos100,1,100,202.7,192.65
P023,26,female,pos100,1,100,202.7,190.36
P023,27,female,neg100,1,-100,202.7,189.79
P023,28,female,control,0,0,202.7,190.67
P023,29,female,neg100,1,-100,202.7,192.77
P023,30,female,control,0,0,202.7,189.64
P023,31,female,neg100,1,-100,202.7,191.35
P023,32,female,pos100,1,100,202.7,193.63
P023,33,female,pos100,1,100,202.7,191.22
P023,34,female,pos100,1,100,202.7,188.59
P023,35,female,control,0,0,202.7,187.78
P023,36,female,control,0,0,202.7,188.24
P023,37,female,pos100,1,100,202.7,187.55
P023,38,female,control,0,0,202.7,187.06
P023,39,female,neg100,1,-100,202.7,188.06
P023,40,female,control,0,0,202.7,195.82
P023,41,female,pos100,1,100,202.7,197.67
P023,42,female,control,0,0,202.7,191.72
P023,43,female,pos100,1,100,202.7,192.37
P023,44,female,pos100,1,100,202.7,193.43
P023,45,female,pos100,1,100,202.7,190.61
P023,46,female,neg100,1,-100,202.7,194.25
P023,47,female,neg100,1,-100,202.7,190.34
P023,48,female,control,0,0,202.7,193.46
P023,49,female,pos100,1,100,202.7,192.20
P023,50,female,control,0,0,202.7,191.20
P023,51,female,neg100,1,-100,202.7,191.41
P023,52,female,pos100,1,100,202.7,188.89
P023,53,female,neg100,1,-100,202.7,189.34
P023,54,female,pos100,1,100,202.7,188.42
P023,55,female,neg100,1,-100,202.7,190.73
P023,56,female,control,0,0,202.7,191.63
P023,57,female,neg100,1,-100,202.7,190.23
P023,58,female,neg100,1,-100,202.7,192.01
P023,59,female,pos100,1,100,202.7,193.67
P023,60,female,neg100,1,-100,202.7,189.87
P023,61,female,pos100,1,100,202.7,188.74
P023,62,female,control,0,0,202.7,187.26
P023,63,female,neg100,1,-100,202.7,188.00
P023,64,female,pos100,1,100,202.7,188.03
P023,65,female,pos100,1,100,202.7,185.97
P023,66,female,control,0,0,202.7,189.88
P023,67,female,pos100,1,100,202.7,190.61
P023,68,female,control,0,0,202.7,189.72
P023,69,female,control,0,0,202.7,186.68
P023,70,female,control,0,0,202.7,187.45
P023,71,female,pos100,1,100,202.7,186.25
P023,72,female,control,0,0,202.7,187.28
P023,73,female,neg100,1,-100,202.7,184.93
P023,74,female,neg100,1,-100,202.7,183.83
P023,75,female,neg100,1,-100,202.7,184.39
P023,76,female,neg100,1,-100,202.7,188.31
P023,77,female,pos100,1,100,202.7,186.88
P023,78,female,neg100,1,-100,202.7,185.30
P023,79,female,control,0,0,202.7,188.05
P023,80,female,pos100,1,100,202.7,187.17
P023,81,female,neg100,1,-100,202.7,186.09
P023,82,female,pos100,1,100,202.7,189.39
P023,83,female,neg100,1,-100,202.7,186.49
P023,84,female,control,0,0,202.7,189.61
P023,85,female,neg100,1,-100,202.7,185.54
P023,86,female,neg100,1,-100,202.7,190.86
P023,87,female,pos100,1,100,202.7,188.61
P023,88,female,control,0,0,202.7,188.68
P023,89,female,pos100,1,100,202.7,190.59
P023,90,female,pos100,1,100,202.7,191.58
P023,91,female,neg100,1,-100,202.7,187.75
P023,92,female,pos100,1,100,202.7,192.13
P023,93,female,control,0,0,202.7,188.53
P023,94,female,pos100,1,100,202.7,186.44
P023,95,female,pos100,1,100,202.7,186.46
P023,96,female,control,0,0,202.7,187.00
P023,97,female,neg100,1,-100,202.7,188.18
P023,98,female,neg100,1,-100,202.7,187.21
P023,99,female,control,0,0,202.7,190.50
P023,100,female,control,0,0,202.7,188.16
P023,101,female,pos100,1,100,202.7,189.61
P023,102,female,neg100,1,-100,202.7,187.82
P023,103,female,neg100,1,-100,202.7,187.74
P023,104,female,pos100,1,100,202.7,189.92
P023,105,female,control,0,0,202.7,188.48
P023,106,female,pos100,1,100,202.7,186.63
P023,107,female,neg100,1,-100,202.7,186.97
P023,108,female,control,0,0,202.7,189.82
P023,109,female,neg100,1,-100,202.7,186.25
P023,110,female,pos100,1,100,202.7,188.79
P023,111,female,control,0,0,202.7,185.49
P023,112,female,neg100,1,-100,202.7,189.62
P023,113,female,control,0,0,202.7,191.04
P023,114,female,neg100,1,-100,202.7,189.15
P023,115,female,control,0,0,202.7,188.64
P023,116,female,pos100,1,100,202.7,187.73
P023,117,female,neg100,1,-100,202.7,188.54
P023,118,female,pos100,1,100,202.7,187.51
P023,119,female,control,0,0,202.7,186.67
P023,120,female,neg100,1,-100,202.7,187.82
P023,121,female,pos100,1,100,202.7,183.01
P023,122,female,pos100,1,100,202.7,188.50
P023,123,female,control,0,0,202.7,185.23
P023,124,female,control,0,0,202.7,187.02
P023,125,female,pos100,1,100,202.7,187.93
P023,126,female,neg100,1,-100,202.7,184.00
P023,127,female,pos100,1,100,202.7,186.74
P023,128,female,neg100,1,-100,202.7,191.48
P023,129,female,neg100,1,-100,202.7,188.28
P023,130,female,control,0,0,202.7,189.13
P023,131,female,control,0,0,202.7,186.92
P023,132,female,pos100,1,100,202.7,185.03
P023,133,female,control,0,0,202.7,184.49
P023,134,female,neg100,1,-100,202.7,182.79
P023,135,female,pos100,1,100,202.7,185.67
P023,136,female,neg100,1,-100,202.7,186.99
P023,137,female,neg100,1,-100,202.7,188.46
P023,138,female,neg100,1,-100,202.7,187.74
P023,139,female,neg100,1,-100,202.7,188.73
P023,140,female,pos100,1,100,202.7,189.05
P023,141,female,control,0,0,202.7,188.54
P023,142,female,pos100,1,100,202.7,186.93
P023,143,female,pos100,1,100,202.7,187.62
P023,144,female,pos100,1,100,202.7,188.66
P023,145,female,pos100,1,100,202.7,189.73
P023,146,female,pos100,1,100,202.7,186.59
P023,147,female,control,0,0,202.7,184.24
P023,148,female,neg100,1,-100,202.7,188.43
P023,149,female,control,0,0,202.7,183.31
P023,150,female,neg100,1,-100,202.7,187.92
P023,151,female,control,0,0,202.7,184.63
P023,152,female,neg100,1,-100,202.7,186.74
P023,153,female,neg100,1,-100,202.7,184.69
P023,154,female,pos100,1,100,202.7,186.81
P023,155,female,control,0,0,202.7,188.28
P023,156,female,neg100,1,-100,202.7,189.15
P023,157,female,control,0,0,202.7,187.78
P023,158,female,pos100,1,100,202.7,187.12
P023,159,female,control,0,0,202.7,189.18
P023,160,female,pos100,1,100,202.7,189.05
P023,161,female,control,0,0,202.7,186.75
P023,162,female,neg100,1,-100,202.7,188.47
P023,163,female,pos100,1,100,202.7,187.30
P023,164,female,pos100,1,100,202.7,185.89
P023,165,female,pos100,1,100,202.7,187.03
P023,166,female,control,0,0,202.7,187.93
P023,167,female,neg100,1,-100,202.7,188.47
P023,168,female,neg100,1,-100,202.7,190.35
P023,169,female,control,0,0,202.7,189.48
P023,170,female,neg100,1,-100,202.7,189.31
P023,171,female,pos100,1,100,202.7,189.88
P023,172,female,neg100,1,-100,202.7,185.02
P023,173,female,neg100,1,-100,202.7,189.51
P023,174,female,control,0,0,202.7,188.97
P023,175,female,pos100,1,100,202.7,189.86
P023,176,female,pos100,1,100,202.7,190.12
P023,177,female,control,0,0,202.7,184.91
P023,178,female,pos100,1,100,202.7,185.48
P023,179,female,pos100,1,100,202.7,186.49
P023,180,female,neg100,1,-100,202.7,185.77
P023,181,female,neg100,1,-100,202.7,187.06
P023,182,female,control,0,0,202.7,185.43
P023,183,female,control,0,0,202.7,184.76
P023,184,female,neg100,1,-100,202.7,186.73
P023,185,female,neg100,1,-100,202.7,189.03
P023,186,female,control,0,0,202.7,191.69
P023,187,female,pos100,1,100,202.7,187.73
P023,188,female,pos100,1,100,202.7,187.56
P023,189,female,pos100,1,100,202.7,185.62
P023,190,female,neg100,1,-100,202.7,186.15
P023,191,female,pos100,1,100,202.7,187.23
P023,192,female,control,0,0,202.7,186.70
P023,193,female,control,0,0,202.7,185.12
P023,194,female,pos100,1,100,202.7,185.03
P023,195,female,neg100,1,-100,202.7,186.37
P023,196,female,neg100,1,-100,202.7,186.17
P023,197,female,control,0,0,202.7,186.90
P023,198,female,control,0,0,202.7,187.09
P023,199,female,neg100,1,-100,202.7,189.07
P023,200,female,control,0,0,202.7,189.01
P023,201,female,pos100,1,100,202.7,188.07
P023,202,female,pos100,1,100,202.7,188.37
P023,203,female,control,0,0,202.7,187.40
P023,204,female,pos100,1,100,202.7,189.26
P023,205,female,neg100,1,-100,202.7,188.71
P023,206,female,neg100,1,-100,202.7,189.48
P023,207,female,neg100,1,-100,202.7,187.84
P023,208,female,pos100,1,100,202.7,187.32
P023,209,female,control,0,0,202.7,193.03
P023,210,female,neg100,1,-100,202.7,192.17
P023,211,female,control,0,0,202.7,192.23
P023,212,female,neg100,1,-100,202.7,198.71
P023,213,female,pos100,1,100,202.7,197.49
P023,214,female,pos100,1,100,202.7,194.54
P024,1,male,pos100,1,100,202.7,91.55
P024,2,male,pos100,1,100,202.7,94.79
P024,3,male,neg100,1,-100,202.7,92.48
P024,4,male,pos100,1,100,202.7,95.81
P024,5,male,neg100,1,-100,202.7,94.04
P024,6,male,control,0,0,202.7,93.22
P024,7,male,control,0,0,202.7,93.56
P024,8,male,neg100,1,-100,202.7,94.67
P024,9,male,control,0,0,202.7,95.27
P024,10,male,control,0,0,202.7,95.20
P024,11,male,neg100,1,-100,202.7,94.73
P024,12,male,pos100,1,100,202.7,93.28
P024,13,male,pos100,1,100,202.7,92.64
P024,14,male,pos100,1,100,202.7,94.69
P024,15,male,neg100,1,-100,202.7,93.87
P024,16,male,neg100,1,-100,202.7,93.77
P024,17,male,control,0,0,202.7,95.50
P024,18,male,control,0,0,202.7,93.86
P024,19,male,control,0,0,202.7,97.05
P024,20,male,control,0,0,202.7,95.96
P024,21,male,control,0,0,202.7,93.36
P024,22,male,neg100,1,-100,202.7,94.89
P024,23,male,pos100,1,100,202.7,95.70
P024,24,male,pos100,1,100,202.7,93.82
P024,25,male,control,0,0,202.7,94.09
P024,26,male,neg100,1,-100,202.7,93.06
P024,27,male,neg100,1,-100,202.7,95.78
P024,28,male,control,0,0,202.7,93.30
P024,29,male,pos100,1,100,202.7,92.41
P024,30,male,neg100,1,-100,202.7,92.91
P024,31,male,pos100,1,100,202.7,95.09
P024,32,male,pos100,1,100,202.7,95.12
P024,33,male,neg100,1,-100,202.7,95.09
P024,34,male,neg100,1,-100,202.7,97.05
P024,35,male,neg100,1,-100,202.7,95.95
P024,36,male,pos100,1,100,202.7,94.70
P024,37,male,neg100,1,-100,202.7,96.04
P024,38,male,pos100,1,100,202.7,93.24
P024,39,male,pos100,1,100,202.7,95.04
P024,40,male,pos100,1,100,202.7,90.71
P024,41,male,pos100,1,100,202.7,93.62
P024,42,male,pos100,1,100,202.7,90.76
P024,43,male,control,0,0,202.7,93.38
P024,44,male,neg100,1,-100,202.7,93.62
P024,45,male,pos100,1,100,202.7,93.22
P024,46,male,pos100,1,100,202.7,90.46
P024,47,male,pos100,1,100,202.7,92.52
P024,48,male,neg100,1,-100,202.7,93.39
P024,49,male,neg100,1,-100,202.7,94.93
P024,50,male,pos100,1,100,202.7,95.77
P024,51,male,neg100,1,-100,202.7,93.32
P024,52,male,control,0,0,202.7,91.17
P024,53,male,pos100,1,100,202.7,90.95
P024,54,male,neg100,1,-100,202.7,92.52
P024,55,male,control,0,0,202.7,92.09
P024,56,male,neg100,1,-100,202.7,92.40
P024,57,male,control,0,0,202.7,94.92
P024,58,male,control,0,0,202.7,94.28
P024,59,male,neg100,1,-100,202.7,94.37
P024,60,male,pos100,1,100,202.7,94.90
P024,61,male,control,0,0,202.7,93.42
P024,62,male,neg100,1,-100,202.7,92.64
P024,63,male,neg100,1,-100,202.7,93.45
P024,64,male,control,0,0,202.7,94.16
P024,65,male,control,0,0,202.7,94.27
P024,66,male,pos100,1,100,202.7,93.24
P024,67,male,neg100,1,-100,202.7,93.66
P024,68,male,pos100,1,100,202.7,91.36
P024,69,male,neg100,1,-100,202.7,94.24
P024,70,male,control,0,0,202.7,93.08
P024,71,male,neg100,1,-100,202.7,92.37
P024,72,male,neg100,1,-100,202.7,93.65
P024,73,male,pos100,1,100,202.7,92.76
P024,74,male,neg100,1,-100,202.7,92.67
P024,75,male,pos100,1,100,202.7,92.05
P024,76,male,control,0,0,202.7,95.45
P024,77,male,control,0,0,202.7,92.38
P024,78,male,pos100,1,100,202.7,93.31
P024,79,male,control,0,0,202.7,93.38
P024,80,male,neg100,1,-100,202.7,91.11
P024,81,male,pos100,1,100,202.7,90.48
P024,82,male,control,0,0,202.7,90.92
P024,83,male,control,0,0,202.7,92.69
P024,84,male,neg100,1,-100,202.7,91.18
P024,85,male,control,0,0,202.7,93.74
P024,86,male,neg100,1,-100,202.7,92.87
P024,87,male,pos100,1,100,202.7,93.35
P024,88,male,neg100,1,-100,202.7,91.39
P024,89,male,control,0,0,202.7,91.80
P024,90,male,pos100,1,100,202.7,91.75
P024,91,male,neg100,1,-100,202.7,91.79
P024,92,male,pos100,1,100,202.7,92.33
P024,93,male,control,0,0,202.7,91.21
P024,94,male,neg100,1,-100,202.7,91.14
P024,95,male,pos100,1,100,202.7,90.83
P024,96,male,pos100,1,100,202.7,92.30
P024,97,male,neg100,1,-100,202.7,92.32
P024,98,male,neg100,1,-100,202.7,93.56
P024,99,male,pos100,1,100,202.7,93.49
P024,100,male,neg100,1,-100,202.7,94.07
P024,101,male,pos100,1,100,202.7,94.49
P024,102,male,neg100,1,-100,202.7,93.85
P024,103,male,pos100,1,100,202.7,94.94
P024,104,male,pos100,1,100,202.7,92.75
P024,105,male,pos100,1,100,202.7,92.18
P024,106,male,control,0,0,202.7,91.07
P024,107,male,neg100,1,-100,202.7,92.55
P024,108,male,control,0,0,202.7,92.41
P024,109,male,neg100,1,-100,202.7,92.65
P024,110,male,control,0,0,202.7,92.94
P024,111,male,neg100,1,-100,202.7,91.41
P024,112,male,control,0,0,202.7,92.69
P024,113,male,pos100,1,100,202.7,90.51
P024,114,male,control,0,0,202.7,92.87
P024,115,male,control,0,0,202.7,93.56
P024,116,male,pos100,1,100,202.7,94.13
P024,117,male,pos100,1,100,202.7,94.28
P024,118,male,neg100,1,-100,202.7,93.05
P024,119,male,control,0,0,202.7,85.08
P024,120,male,pos100,1,100,202.7,89.49
P024,121,male,neg100,1,-100,202.7,87.50
P024,122,male,pos100,1,100,202.7,87.22
P024,123,male,pos100,1,100,202.7,87.68
P024,124,male,control,0,0,202.7,88.19
P024,125,male,control,0,0,202.7,87.57
P024,126,male,neg100,1,-100,202.7,88.34
P024,127,male,neg100,1,-100,202.7,86.80
P024,128,male,pos100,1,100,202.7,88.53
P024,129,male,pos100,1,100,202.7,89.24
P024,130,male,neg100,1,-100,202.7,90.22
P024,131,male,control,0,0,202.7,88.98
P024,132,male,control,0,0,202.7,90.21
P024,133,male,pos100,1,100,202.7,90.79
P024,134,male,control,0,0,202.7,89.70
P024,135,male,control,0,0,202.7,90.96
P024,136,male,neg100,1,-100,202.7,87.75
P024,137,male,pos100,1,100,202.7,90.38
P024,138,male,pos100,1,100,202.7,89.08
P024,139,male,neg100,1,-100,202.7,90.01
P024,140,male,neg100,1,-100,202.7,90.54
P024,141,male,neg100,1,-100,202.7,90.71
P024,142,male,control,0,0,202.7,89.00
P024,143,male,neg100,1,-100,202.7,89.01
P024,144,male,control,0,0,202.7,90.95
P024,145,male,control,0,0,202.7,89.56
P024,146,male,neg100,1,-100,202.7,90.78
P024,147,male,pos100,1,100,202.7,91.07
P024,148,male,neg100,1,-100,202.7,89.83
P024,149,male,neg100,1,-100,202.7,90.56
P024,150,male,neg100,1,-100,202.7,92.37
P024,151,male,pos100,1,100,202.7,92.02
P024,152,male,control,0,0,202.7,89.83
P024,153,male,pos100,1,100,202.7,89.99
P024,154,male,neg100,1,-100,202.7,88.53
P024,155,male,pos100,1,100,202.7,89.34
P024,156,male,pos100,1,100,202.7,89.87
P024,157,male,control,0,0,202.7,90.51
P024,158,male,pos100,1,100,202.7,91.72
P024,159,male,pos100,1,100,202.7,92.60
P024,160,male,pos100,1,100,202.7,92.16
P024,161,male,control,0,0,202.7,94.61
P024,162,male,control,0,0,202.7,95.12
P024,163,male,neg100,1,-100,202.7,93.57
P024,164,male,neg100,1,-100,202.7,94.09
P024,165,male,pos100,1,100,202.7,92.63
P024,166,male,neg100,1,-100,202.7,93.54
P024,167,male,neg100,1,-100,202.7,93.18
P024,168,male,pos100,1,100,202.7,94.90
P024,169,male,control,0,0,202.7,93.79
P024,170,male,control,0,0,202.7,94.46
P024,171,male,control,0,0,202.7,93.09
P024,172,male,pos100,1,100,202.7,93.96
P024,173,male,control,0,0,202.7,94.08
P024,174,male,pos100,1,100,202.7,92.79
P024,175,male,control,0,0,202.7,92.41
P024,176,male,neg100,1,-100,202.7,91.92
P024,177,male,pos100,1,100,202.7,94.49
P024,178,male,control,0,0,202.7,93.26
P024,179,male,neg100,1,-100,202.7,91.28
P024,180,male,neg100,1,-100,202.7,92.62
P024,181,male,neg100,1,-100,202.7,94.18
P024,182,male,pos100,1,100,202.7,93.42
P024,183,male,neg100,1,-100,202.7,92.57
P024,184,male,pos100,1,100,202.7,92.90
P024,185,male,pos100,1,100,202.7,92.26
P024,186,male,neg100,1,-100,202.7,92.87
P024,187,male,control,0,0,202.7,94.90
P024,188,male,control,0,0,202.7,92.03
P024,189,male,control,0,0,202.7,93.10
P024,190,male,control,0,0,202.7,91.19
P024,191,male,neg100,1,-100,202.7,92.30
P024,192,male,pos100,1,100,202.7,90.81
P024,193,male,pos100,1,100,202.7,92.83
P024,194,male,neg100,1,-100,202.7,93.06
P024,195,male,pos100,1,100,202.7,95.56
P024,196,male,neg100,1,-100,202.7,93.26
P024,197,male,control,0,0,202.7,95.38
P024,198,male,pos100,1,100,202.7,94.21
P024,199,male,control,0,0,202.7,93.56
P024,200,male,pos100,1,100,202.7,94.85
P024,201,male,neg100,1,-100,202.7,93.54
P024,202,male,neg100,1,-100,202.7,93.50
P024,203,male,pos100,1,100,202.7,94.93
P024,204,male,neg100,1,-100,202.7,93.59
P024,205,male,pos100,1,100,202.7,90.14
P024,206,male,control,0,0,202.7,93.15
P024,207,male,pos100,1,100,202.7,91.22
P024,208,male,neg100,1,-100,202.7,92.15
P024,209,male,control,0,0,202.7,94.74
P024,210,male,pos100,1,100,202.7,94.83
P024,211,male,control,0,0,202.7,95.27
P024,212,male,pos100,1,100,202.7,96.81
P024,213,male,neg100,1,-100,202.7,95.40
P024,214,male,neg100,1,-100,202.7,96.62
P024,215,male,neg100,1,-100,202.7,91.53
P024,216,male,neg100,1,-100,202.7,91.09
P024,217,male,pos100,1,100,202.7,89.69
P024,218,male,pos100,1,100,202.7,90.75
P024,219,male,control,0,0,202.7,91.33
P024,220,male,control,0,0,202.7,91.08
P025,1,female,pos100,1,100,202.7,234.83
P025,2,female,pos100,1,100,202.7,245.85
P025,3,female,neg100,1,-100,202.7,249.37
P025,4,female,pos100,1,100,202.7,233.64
P025,5,female,neg100,1,-100,202.7,233.54
P025,6,female,control,0,0,202.7,252.07
P025,7,female,control,0,0,202.7,233.91
P025,8,female,neg100,1,-100,202.7,235.21
P025,9,female,control,0,0,202.7,229.92
P025,10,female,control,0,0,202.7,228.40
P025,11,female,neg100,1,-100,202.7,236.48
P025,12,female,pos100,1,100,202.7,230.15
P025,13,female,pos100,1,100,202.7,231.16
P025,14,female,pos100,1,100,202.7,242.60
P025,15,female,neg100,1,-100,202.7,233.27
P025,16,female,neg100,1,-100,202.7,238.13
P025,17,female,control,0,0,202.7,232.68
P025,18,female,control,0,0,202.7,234.98
P025,19,female,control,0,0,202.7,234.65
P025,20,female,control,0,0,202.7,240.83
P025,21,female,control,0,0,202.7,236.63
P025,22,female,neg100,1,-100,202.7,232.84
P025,23,female,pos100,1,100,202.7,252.54
P025,24,female,pos100,1,100,202.7,258.05
P025,25,female,control,0,0,202.7,229.52
P025,26,female,neg100,1,-100,202.7,230.25
P025,27,female,neg100,1,-100,202.7,235.24
P025,28,female,control,0,0,202.7,242.48
P025,29,female,pos100,1,100,202.7,248.55
P025,30,female,control,0,0,202.7,243.33
P025,31,female,neg100,1,-100,202.7,241.91
P025,32,female,pos100,1,100,202.7,247.93
P025,33,female,pos100,1,100,202.7,245.18
P025,34,female,neg100,1,-100,202.7,242.84
P025,35,female,neg100,1,-100,202.7,255.24
P025,36,female,neg100,1,-100,202.7,259.82
P025,37,female,pos100,1,100,202.7,256.99
P025,38,female,neg100,1,-100,202.7,249.66
P025,39,female,pos100,1,100,202.7,245.29
P025,40,female,pos100,1,100,202.7,255.80
P025,41,female,pos100,1,100,202.7,242.59
P025,42,female,pos100,1,100,202.7,244.36
P025,43,female,pos100,1,100,202.7,237.80
P025,44,female,control,0,0,202.7,234.69
P025,45,female,neg100,1,-100,202.7,236.18
P025,46,female,pos100,1,100,202.7,243.86
P025,47,female,pos100,1,100,202.7,236.85
P025,48,female,pos100,1,100,202.7,232.33
P025,49,female,neg100,1,-100,202.7,235.62
P025,50,female,neg100,1,-100,202.7,236.50
P025,51,female,pos100,1,100,202.7,244.00
P025,52,female,neg100,1,-100,202.7,252.20
P025,53,female,control,0,0,202.7,241.11
P025,54,female,pos100,1,100,202.7,234.39
P025,55,female,neg100,1,-100,202.7,229.99
P025,56,female,control,0,0,202.7,230.45
P025,57,female,neg100,1,-100,202.7,224.09
P025,58,female,control,0,0,202.7,228.16
P025,59,female,control,0,0,202.7,228.72
P025,60,female,neg100,1,-100,202.7,224.59
P025,61,female,pos100,1,100,202.7,233.98
P025,62,female,control,0,0,202.7,219.55
P025,63,female,neg100,1,-100,202.7,223.34
P025,64,female,neg100,1,-100,202.7,223.67
P025,65,female,control,0,0,202.7,221.12
P025,66,female,control,0,0,202.7,228.48
P025,67,female,pos100,1,100,202.7,224.80
P025,68,female,neg100,1,-100,202.7,225.85
P025,69,female,pos100,1,100,202.7,225.60
P025,70,female,neg100,1,-100,202.7,225.67
P025,71,female,control,0,0,202.7,223.85
P025,72,female,neg100,1,-100,202.7,217.60
P025,73,female,neg100,1,-100,202.7,224.80
P025,74,female,pos100,1,100,202.7,219.11
P025,75,female,neg100,1,-100,202.7,218.24
P025,76,female,pos100,1,100,202.7,223.93
P025,77,female,control,0,0,202.7,225.56
P025,78,female,control,0,0,202.7,232.45
P025,79,female,pos100,1,100,202.7,229.37
P025,80,female,control,0,0,202.7,225.72
P025,81,female,neg100,1,-100,202.7,241.20
P025,82,female,control,0,0,202.7,240.67
P025,83,female,pos100,1,100,202.7,238.63
P025,84,female,control,0,0,202.7,235.82
P025,85,female,control,0,0,202.7,243.38
P025,86,female,neg100,1,-100,202.7,230.71
P025,87,female,control,0,0,202.7,232.34
P025,88,female,neg100,1,-100,202.7,226.82
P025,89,female,pos100,1,100,202.7,228.76
P025,90,female,neg100,1,-100,202.7,222.53
P025,91,female,control,0,0,202.7,221.41
P025,92,female,pos100,1,100,202.7,222.62
P025,93,female,neg100,1,-100,202.7,221.94
P025,94,female,pos100,1,100,202.7,223.76
P025,95,female,control,0,0,202.7,226.26
P025,96,female,neg100,1,-100,202.7,217.60
P025,97,female,pos100,1,100,202.7,223.05
P025,98,female,pos100,1,100,202.7,214.91
P025,99,female,neg100,1,-100,202.7,226.53
P025,100,female,neg100,1,-100,202.7,222.39
P025,101,female,pos100,1,100,202.7,232.89
P025,102,female,neg100,1,-100,202.7,224.23
P025,103,female,pos100,1,100,202.7,225.66
P025,104,female,neg100,1,-100,202.7,221.90
P025,105,female,pos100,1,100,202.7,224.19
P025,106,female,pos100,1,100,202.7,222.67
P025,107,female,pos100,1,100,202.7,226.93
P025,108,female,control,0,0,202.7,220.02
P025,109,female,neg100,1,-100,202.7,223.60
P025,110,female,control,0,0,202.7,221.80
P025,111,female,neg100,1,-100,202.7,217.84
P025,112,female,control,0,0,202.7,225.20
P025,113,female,neg100,1,-100,202.7,220.96
P025,114,female,control,0,0,202.7,227.38
P025,115,female,pos100,1,100,202.7,244.50
P025,116,female,control,0,0,202.7,232.79
P025,117,female,control,0,0,202.7,228.98
P025,118,female,pos100,1,100,202.7,231.02
P025,119,female,pos100,1,100,202.7,224.28
P025,120,female,neg100,1,-100,202.7,226.31
P025,121,female,control,0,0,202.7,221.40
P025,122,female,pos100,1,100,202.7,224.28
P025,123,female,neg100,1,-100,202.7,220.95
P025,124,female,pos100,1,100,202.7,220.35
P025,125,female,pos100,1,100,202.7,213.08
P025,126,female,control,0,0,202.7,214.79
P025,127,female,control,0,0,202.7,216.00
P025,128,female,neg100,1,-100,202.7,216.16
P025,129,female,neg100,1,-100,202.7,220.18
P025,130,female,pos100,1,100,202.7,225.81
P025,131,female,pos100,1,100,202.7,217.36
P025,132,female,neg100,1,-100,202.7,216.99
P025,133,female,control,0,0,202.7,226.80
P025,134,female,control,0,0,202.7,231.78
P025,135,female,pos100,1,100,202.7,232.80
P025,136,female,control,0,0,202.7,227.96
P025,137,female,control,0,0,202.7,231.99
P025,138,female,neg100,1,-100,202.7,230.19
P025,139,female,pos100,1,100,202.7,228.67
P025,140,female,pos100,1,100,202.7,225.84
P025,141,female,neg100,1,-100,202.7,227.08
P025,142,female,neg100,1,-100,202.7,226.95
P025,143,female,neg100,1,-100,202.7,227.88
P025,144,female,control,0,0,202.7,228.73
P025,145,female,neg100,1,-100,202.7,228.71
P025,146,female,control,0,0,202.7,223.04
P025,147,female,control,0,0,202.7,228.03
P025,148,female,neg100,1,-100,202.7,223.63
P025,149,female,pos100,1,100,202.7,224.50
P025,150,female,neg100,1,-100,202.7,225.69
P025,151,female,neg100,1,-100,202.7,225.48
P025,152,female,neg100,1,-100,202.7,227.03
P025,153,female,pos100,1,100,202.7,223.68
P025,154,female,control,0,0,202.7,219.78
P025,155,female,pos100,1,100,202.7,217.90
P025,156,female,neg100,1,-100,202.7,216.99
P025,157,female,pos100,1,100,202.7,217.78
P025,158,female,pos100,1,100,202.7,218.54
P025,159,female,control,0,0,202.7,217.75
P025,160,female,pos100,1,100,202.7,208.12
P025,161,female,pos100,1,100,202.7,235.47
P025,162,female,pos100,1,100,202.7,233.14
P025,163,female,control,0,0,202.7,226.63
P025,164,female,control,0,0,202.7,228.97
P025,165,female,neg100,1,-100,202.7,229.36
P025,166,female,neg100,1,-100,202.7,233.55
P025,167,female,pos100,1,100,202.7,230.23
P025,168,female,neg100,1,-100,202.7,228.45
P025,169,female,neg100,1,-100,202.7,229.35
P025,170,female,pos100,1,100,202.7,231.24
P025,171,female,control,0,0,202.7,230.00
P025,172,female,control,0,0,202.7,225.53
P025,173,female,control,0,0,202.7,235.26
P025,174,female,pos100,1,100,202.7,223.75
P025,175,female,control,0,0,202.7,229.30
P025,176,female,pos100,1,100,202.7,222.42
P025,177,female,control,0,0,202.7,224.22
P025,178,female,neg100,1,-100,202.7,230.05
P025,179,female,pos100,1,100,202.7,235.88
P025,180,female,control,0,0,202.7,229.65
P025,181,female,neg100,1,-100,202.7,229.63
P025,182,female,neg100,1,-100,202.7,230.57
P025,183,female,neg100,1,-100,202.7,235.60
P025,184,female,pos100,1,100,202.7,233.53
P025,185,female,neg100,1,-100,202.7,234.00
P025,186,female,pos100,1,100,202.7,232.32
P025,187,female,pos100,1,100,202.7,227.51
P025,188,female,neg100,1,-100,202.7,221.01
P025,189,female,control,0,0,202.7,225.54
P025,190,female,control,0,0,202.7,237.79
P025,191,female,control,0,0,202.7,230.60
P025,192,female,control,0,0,202.7,229.73
P025,193,female,neg100,1,-100,202.7,222.05
P025,194,female,pos100,1,100,202.7,231.74
P025,195,female,pos100,1,100,202.7,228.65
P025,196,female,neg100,1,-100,202.7,225.27
P025,197,female,pos100,1,100,202.7,228.44
P025,198,female,neg100,1,-100,202.7,226.20
P025,199,female,control,0,0,202.7,226.27
P025,200,female,pos100,1,100,202.7,227.87
P025,201,female,control,0,0,202.7,226.74
P025,202,female,pos100,1,100,202.7,226.48
P025,203,female,neg100,1,-100,202.7,228.28
P025,204,female,neg100,1,-100,202.7,233.63
P025,205,female,pos100,1,100,202.7,235.13
P025,206,female,neg100,1,-100,202.7,236.74
P025,207,female,pos100,1,100,202.7,233.04
P025,208,female,control,0,0,202.7,231.09
P025,209,female,pos100,1,100,202.7,236.09
P025,210,female,neg100,1,-100,202.7,234.15
P025,211,female,control,0,0,202.7,225.86
P025,212,female,pos100,1,100,202.7,231.05
P025,213,female,control,0,0,202.7,227.67
P025,214,female,pos100,1,100,202.7,241.15
P025,215,female,neg100,1,-100,202.7,224.36
P025,216,female,neg100,1,-100,202.7,232.74
P026,1,male,neg100,1,-100,202.7,138.04
P026,2,male,pos100,1,100,202.7,138.84
P026,3,male,neg100,1,-100,202.7,139.46
P026,4,male,control,0,0,202.7,137.52
P026,5,male,control,0,0,202.7,139.45
P026,6,male,neg100,1,-100,202.7,137.87
P026,7,male,control,0,0,202.7,137.45
P026,8,male,control,0,0,202.7,138.69
P026,9,male,neg100,1,-100,202.7,138.51
P026,10,male,pos100,1,100,202.7,136.51
P026,11,male,pos100,1,100,202.7,134.70
P026,12,male,pos100,1,100,202.7,140.43
P026,13,male,neg100,1,-100,202.7,137.77
P026,14,male,neg100,1,-100,202.7,140.04
P026,15,male,control,0,0,202.7,138.62
P026,16,male,control,0,0,202.7,140.82
P026,17,male,control,0,0,202.7,139.99
P026,18,male,control,0,0,202.7,139.33
P026,19,male,control,0,0,202.7,140.52
P026,20,male,neg100,1,-100,202.7,139.71
P026,21,male,pos100,1,100,202.7,140.03
P026,22,male,pos100,1,100,202.7,136.28
P026,23,male,control,0,0,202.7,138.05
P026,24,male,neg100,1,-100,202.7,139.76
P026,25,male,neg100,1,-100,202.7,138.01
P026,26,male,control,0,0,202.7,140.42
P026,27,male,pos100,1,100,202.7,138.27
P026,28,male,control,0,0,202.7,139.94
P026,29,male,neg100,1,-100,202.7,137.93
P026,30,male,pos100,1,100,202.7,138.67
P026,31,male,pos100,1,100,202.7,136.37
P026,32,male,neg100,1,-100,202.7,139.30
P026,33,male,neg100,1,-100,202.7,140.37
P026,34,male,neg100,1,-100,202.7,138.78
P026,35,male,pos100,1,100,202.7,142.24
P026,36,male,neg100,1,-100,202.7,141.94
P026,37,male,pos100,1,100,202.7,137.84
P026,38,male,pos100,1,100,202.7,140.47
P026,39,male,pos100,1,100,202.7,133.16
P026,40,male,pos100,1,100,202.7,138.26
P026,41,male,pos100,1,100,202.7,139.48
P026,42,male,control,0,0,202.7,139.66
P026,43,male,neg100,1,-100,202.7,141.24
P026,44,male,pos100,1,100,202.7,141.09
P026,45,male,pos100,1,100,202.7,142.83
P026,46,male,pos100,1,100,202.7,144.19
P026,47,male,neg100,1,-100,202.7,147.01
P026,48,male,neg100,1,-100,202.7,139.18
P026,49,male,pos100,1,100,202.7,144.62
P026,50,male,neg100,1,-100,202.7,142.29
P026,51,male,control,0,0,202.7,147.39
P026,52,male,pos100,1,100,202.7,141.56
P026,53,male,neg100,1,-100,202.7,143.04
P026,54,male,control,0,0,202.7,147.03
P026,55,male,neg100,1,-100,202.7,144.85
P026,56,male,control,0,0,202.7,144.51
P026,57,male,control,0,0,202.7,143.42
P026,58,male,neg100,1,-100,202.7,144.98
P026,59,male,pos100,1,100,202.7,143.52
P026,60,male,control,0,0,202.7,144.39
P026,61,male,neg100,1,-100,202.7,137.43
P026,62,male,neg100,1,-100,202.7,140.04
P026,63,male,control,0,0,202.7,139.92
P026,64,male,control,0,0,202.7,140.62
P026,65,male,pos100,1,100,202.7,141.74
P026,66,male,neg100,1,-100,202.7,138.11
P026,67,male,pos100,1,100,202.7,139.41
P026,68,male,neg100,1,-100,202.7,141.54
P026,69,male,control,0,0,202.7,142.92
P026,70,male,neg100,1,-100,202.7,142.23
P026,71,male,neg100,1,-100,202.7,142.15
P026,72,male,pos100,1,100,202.7,142.09
P026,73,male,neg100,1,-100,202.7,140.41
P026,74,male,pos100,1,100,202.7,143.98
P026,75,male,control,0,0,202.7,146.36
P026,76,male,control,0,0,202.7,142.63
P026,77,male,pos100,1,100,202.7,145.33
P026,78,male,control,0,0,202.7,142.14
P026,79,male,neg100,1,-100,202.7,132.30
P026,80,male,control,0,0,202.7,138.85
P026,81,male,control,0,0,202.7,135.62
P026,82,male,control,0,0,202.7,135.17
P026,83,male,neg100,1,-100,202.7,136.19
P026,84,male,control,0,0,202.7,135.42
P026,85,male,neg100,1,-100,202.7,132.41
P026,86,male,pos100,1,100,202.7,135.31
P026,87,male,neg100,1,-100,202.7,135.27
P026,88,male,control,0,0,202.7,136.07
P026,89,male,pos100,1,100,202.7,137.69
P026,90,male,neg100,1,-100,202.7,135.91
P026,91,male,pos100,1,100,202.7,136.57
P026,92,male,control,0,0,202.7,137.45
P026,93,male,neg100,1,-100,202.7,135.77
P026,94,male,pos100,1,100,202.7,135.01
P026,95,male,pos100,1,100,202.7,135.44
P026,96,male,neg100,1,-100,202.7,136.33
P026,97,male,neg100,1,-100,202.7,134.90
P026,98,male,pos100,1,100,202.7,136.94
P026,99,male,neg100,1,-100,202.7,137.24
P026,100,male,pos100,1,100,202.7,135.35
P026,101,male,neg100,1,-100,202.7,135.19
P026,102,male,pos100,1,100,202.7,135.70
P026,103,male,pos100,1,100,202.7,136.83
P026,104,male,pos100,1,100,202.7,133.44
P026,105,male,control,0,0,202.7,133.90
P026,106,male,neg100,1,-100,202.7,135.11
P026,107,male,control,0,0,202.7,132.80
P026,108,male,neg100,1,-100,202.7,134.49
P026,109,male,control,0,0,202.7,135.31
P026,110,male,neg100,1,-100,202.7,134.68
P026,111,male,control,0,0,202.7,136.48
P026,112,male,pos100,1,100,202.7,135.21
P026,113,male,control,0,0,202.7,136.57
P026,114,male,control,0,0,202.7,137.13
P026,115,male,pos100,1,100,202.7,136.03
P026,116,male,pos100,1,100,202.7,133.31
P026,117,male,neg100,1,-100,202.7,138.15
P026,118,male,control,0,0,202.7,129.31
P026,119,male,neg100,1,-100,202.7,131.67
P026,120,male,pos100,1,100,202.7,133.86
P026,121,male,control,0,0,202.7,134.13
P026,122,male,pos100,1,100,202.7,134.39
P026,123,male,pos100,1,100,202.7,135.65
P026,124,male,pos100,1,100,202.7,135.54
P026,125,male,neg100,1,-100,202.7,137.60
P026,126,male,pos100,1,100,202.7,136.89
P026,127,male,neg100,1,-100,202.7,137.57
P026,128,male,neg100,1,-100,202.7,132.39
P026,129,male,neg100,1,-100,202.7,137.04
P026,130,male,pos100,1,100,202.7,139.50
P026,131,male,control,0,0,202.7,139.07
P026,132,male,control,0,0,202.7,136.11
P026,133,male,neg100,1,-100,202.7,137.15
P026,134,male,control,0,0,202.7,138.14
P026,135,male,control,0,0,202.7,137.88
P026,136,male,pos100,1,100,202.7,132.73
P026,137,male,neg100,1,-100,202.7,135.64
P026,138,male,pos100,1,100,202.7,137.18
P026,139,male,neg100,1,-100,202.7,137.33
P026,140,male,neg100,1,-100,202.7,135.65
P026,141,male,pos100,1,100,202.7,133.22
P026,142,male,control,0,0,202.7,136.12
P026,143,male,neg100,1,-100,202.7,134.92
P026,144,male,control,0,0,202.7,136.92
P026,145,male,control,0,0,202.7,138.70
P026,146,male,neg100,1,-100,202.7,132.32
P026,147,male,pos100,1,100,202.7,133.78
P026,148,male,neg100,1,-100,202.7,134.85
P026,149,male,pos100,1,100,202.7,135.43
P026,150,male,neg100,1,-100,202.7,137.55
P026,151,male,neg100,1,-100,202.7,136.44
P026,152,male,control,0,0,202.7,132.20
P026,153,male,pos100,1,100,202.7,138.11
P026,154,male,pos100,1,100,202.7,138.53
P026,155,male,neg100,1,-100,202.7,139.76
P026,156,male,pos100,1,100,202.7,139.60
P026,157,male,control,0,0,202.7,140.73
P026,158,male,pos100,1,100,202.7,137.07
P026,159,male,control,0,0,202.7,139.59
P026,160,male,pos100,1,100,202.7,127.26
P026,161,male,pos100,1,100,202.7,129.11
P026,162,male,control,0,0,202.7,132.00
P026,163,male,control,0,0,202.7,132.21
P026,164,male,neg100,1,-100,202.7,131.66
P026,165,male,neg100,1,-100,202.7,135.89
P026,166,male,pos100,1,100,202.7,136.19
P026,167,male,neg100,1,-100,202.7,131.43
P026,168,male,neg100,1,-100,202.7,132.75
P026,169,male,pos100,1,100,202.7,135.87
P026,170,male,control,0,0,202.7,135.29
P026,171,male,control,0,0,202.7,132.13
P026,172,male,control,0,0,202.7,135.95
P026,173,male,pos100,1,100,202.7,135.48
P026,174,male,control,0,0,202.7,132.41
P026,175,male,pos100,1,100,202.7,135.32
P026,176,male,control,0,0,202.7,133.72
P026,177,male,neg100,1,-100,202.7,133.45
P026,178,male,pos100,1,100,202.7,131.30
P026,179,male,control,0,0,202.7,137.05
P026,180,male,neg100,1,-100,202.7,135.34
P026,181,male,neg100,1,-100,202.7,138.27
P026,182,male,neg100,1,-100,202.7,136.00
P026,183,male,pos100,1,100,202.7,134.18
P026,184,male,neg100,1,-100,202.7,136.09
P026,185,male,pos100,1,100,202.7,135.57
P026,186,male,pos100,1,100,202.7,135.13
P026,187,male,neg100,1,-100,202.7,133.63
P026,188,male,control,0,0,202.7,132.33
P026,189,male,control,0,0,202.7,137.21
P026,190,male,control,0,0,202.7,135.50
P026,191,male,control,0,0,202.7,134.32
P026,192,male,neg100,1,-100,202.7,132.06
P026,193,male,pos100,1,100,202.7,135.14
P026,194,male,pos100,1,100,202.7,132.77
P026,195,male,neg100,1,-100,202.7,133.10
P026,196,male,pos100,1,100,202.7,131.68
P026,197,male,neg100,1,-100,202.7,134.43
P026,198,male,control,0,0,202.7,132.33
P026,199,male,pos100,1,100,202.7,132.06
P026,200,male,control,0,0,202.7,133.16
P026,201,male,pos100,1,100,202.7,131.27
P026,202,male,neg100,1,-100,202.7,133.74
P026,203,male,neg100,1,-100,202.7,135.59
P026,204,male,pos100,1,100,202.7,131.55
P026,205,male,neg100,1,-100,202.7,137.20
P026,206,male,pos100,1,100,202.7,135.00
P026,207,male,control,0,0,202.7,135.20
P026,208,male,pos100,1,100,202.7,135.13
P026,209,male,neg100,1,-100,202.7,134.78
P026,210,male,control,0,0,202.7,137.25
P026,211,male,pos100,1,100,202.7,138.38
P026,212,male,control,0,0,202.7,136.25
P026,213,male,pos100,1,100,202.7,134.37
P026,214,male,neg100,1,-100,202.7,134.86
P027,1,female,neg100,1,-100,202.7,280.31
P027,2,female,neg100,1,-100,202.7,279.42
P027,3,female,neg100,1,-100,202.7,276.98
P027,4,female,neg100,1,-100,202.7,277.20
P027,5,female,control,0,0,202.7,283.16
P027,6,female,control,0,0,202.7,280.23
P027,7,female,pos100,1,100,202.7,277.80
P027,8,female,pos100,1,100,202.7,280.09
P027,9,female,pos100,1,100,202.7,261.94
P027,10,female,control,0,0,202.7,312.54
P027,11,female,control,0,0,202.7,310.63
P027,12,female,control,0,0,202.7,308.85
P027,13,female,pos100,1,100,202.7,301.45
P027,14,female,neg100,1,-100,202.7,314.27
P027,15,female,pos100,1,100,202.7,312.25
P027,16,female,pos100,1,100,202.7,310.04
P027,17,female,neg100,1,-100,202.7,307.69
P027,18,female,neg100,1,-100,202.7,309.90
P027,19,female,pos100,1,100,202.7,311.62
P027,20,female,neg100,1,-100,202.7,316.77
P027,21,female,pos100,1,100,202.7,336.99
P027,22,female,control,0,0,202.7,316.29
P027,23,female,control,0,0,202.7,309.73
P027,24,female,neg100,1,-100,202.7,315.27
P027,25,female,neg100,1,-100,202.7,315.79
P027,26,female,pos100,1,100,202.7,319.84
P027,27,female,pos100,1,100,202.7,321.17
P027,28,female,neg100,1,-100,202.7,315.51
P027,29,female,control,0,0,202.7,317.03
P027,30,female,neg100,1,-100,202.7,317.67
P027,31,female,control,0,0,202.7,309.98
P027,32,female,neg100,1,-100,202.7,321.82
P027,33,female,pos100,1,100,202.7,322.50
P027,34,female,pos100,1,100,202.7,325.65
P027,35,female,pos100,1,100,202.7,322.13
P027,36,female,control,0,0,202.7,322.61
P027,37,female,control,0,0,202.7,325.79
P027,38,female,pos100,1,100,202.7,327.41
P027,39,female,control,0,0,202.7,325.73
P027,40,female,neg100,1,-100,202.7,324.55
P027,41,female,control,0,0,202.7,286.40
P027,42,female,control,0,0,202.7,291.40
P027,43,female,pos100,1,100,202.7,292.62
P027,44,female,control,0,0,202.7,291.06
P027,45,female,pos100,1,100,202.7,297.99
P027,46,female,pos100,1,100,202.7,295.28
P027,47,female,pos100,1,100,202.7,290.66
P027,48,female,neg100,1,-100,202.7,299.30
P027,49,female,neg100,1,-100,202.7,300.09
P027,50,female,control,0,0,202.7,306.57
P027,51,female,pos100,1,100,202.7,305.04
P027,52,female,control,0,0,202.7,306.24
P027,53,female,neg100,1,-100,202.7,303.78
P027,54,female,pos100,1,100,202.7,310.79
P027,55,female,neg100,1,-100,202.7,304.54
P027,56,female,pos100,1,100,202.7,317.58
P027,57,female,neg100,1,-100,202.7,313.13
P027,58,female,control,0,0,202.7,315.35
P027,59,female,neg100,1,-100,202.7,320.42
P027,60,female,neg100,1,-100,202.7,327.80
P027,61,female,pos100,1,100,202.7,327.50
P027,62,female,neg100,1,-100,202.7,318.42
P027,63,female,pos100,1,100,202.7,325.92
P027,64,female,control,0,0,202.7,327.36
P027,65,female,neg100,1,-100,202.7,334.52
P027,66,female,pos100,1,100,202.7,325.81
P027,67,female,pos100,1,100,202.7,326.81
P027,68,female,control,0,0,202.7,324.31
P027,69,female,pos100,1,100,202.7,322.07
P027,70,female,control,0,0,202.7,324.19
P027,71,female,control,0,0,202.7,332.59
P027,72,female,control,0,0,202.7,331.14
P027,73,female,pos100,1,100,202.7,334.05
P027,74,female,control,0,0,202.7,331.74
P027,75,female,neg100,1,-100,202.7,330.65
P027,76,female,neg100,1,-100,202.7,341.22
P027,77,female,neg100,1,-100,202.7,339.30
P027,78,female,neg100,1,-100,202.7,342.92
P027,79,female,pos100,1,100,202.7,343.02
P027,80,female,neg100,1,-100,202.7,343.55
P027,81,female,control,0,0,202.7,295.32
P027,82,female,pos100,1,100,202.7,301.52
P027,83,female,neg100,1,-100,202.7,296.51
P027,84,female,pos100,1,100,202.7,300.36
P027,85,female,neg100,1,-100,202.7,300.79
P027,86,female,control,0,0,202.7,324.47
P027,87,female,neg100,1,-100,202.7,329.17
P027,88,female,neg100,1,-100,202.7,330.70
P027,89,female,pos100,1,100,202.7,337.20
P027,90,female,control,0,0,202.7,330.70
P027,91,female,pos100,1,100,202.7,336.99
P027,92,female,pos100,1,100,202.7,335.44
P027,93,female,neg100,1,-100,202.7,330.40
P027,94,female,pos100,1,100,202.7,338.08
P027,95,female,control,0,0,202.7,322.87
P027,96,female,pos100,1,100,202.7,328.68
P027,97,female,pos100,1,100,202.7,327.92
P027,98,female,control,0,0,202.7,333.22
P027,99,female,neg100,1,-100,202.7,333.47
P027,100,female,neg100,1,-100,202.7,335.59
P027,101,female,control,0,0,202.7,331.55
P027,102,female,control,0,0,202.7,336.68
P027,103,female,pos100,1,100,202.7,343.48
P027,104,female,neg100,1,-100,202.7,332.82
P027,105,female,neg100,1,-100,202.7,336.93
P027,106,female,pos100,1,100,202.7,343.82
P027,107,female,control,0,0,202.7,339.71
P027,108,female,pos100,1,100,202.7,344.53
P027,109,female,neg100,1,-100,202.7,341.70
P027,110,female,control,0,0,202.7,342.78
P027,111,female,neg100,1,-100,202.7,341.98
P027,112,female,pos100,1,100,202.7,342.35
P027,113,female,control,0,0,202.7,347.50
P027,114,female,control,0,0,202.7,321.53
P027,115,female,pos100,1,100,202.7,328.46
P027,116,female,control,0,0,202.7,330.27
P027,117,female,neg100,1,-100,202.7,333.02
P027,118,female,pos100,1,100,202.7,331.89
P027,119,female,pos100,1,100,202.7,334.45
P027,120,female,pos100,1,100,202.7,328.88
P027,121,female,control,0,0,202.7,329.36
P027,122,female,neg100,1,-100,202.7,332.90
P027,123,female,neg100,1,-100,202.7,324.98
P027,124,female,control,0,0,202.7,326.55
P027,125,female,neg100,1,-100,202.7,331.34
P027,126,female,pos100,1,100,202.7,335.85
P027,127,female,neg100,1,-100,202.7,343.34
P027,128,female,neg100,1,-100,202.7,332.76
P027,129,female,control,0,0,202.7,339.69
P027,130,female,pos100,1,100,202.7,334.46
P027,131,female,pos100,1,100,202.7,337.83
P027,132,female,control,0,0,202.7,328.73
P027,133,female,pos100,1,100,202.7,333.77
P027,134,female,pos100,1,100,202.7,333.79
P027,135,female,neg100,1,-100,202.7,333.35
P027,136,female,neg100,1,-100,202.7,339.08
P027,137,female,control,0,0,202.7,346.63
P027,138,female,neg100,1,-100,202.7,343.54
P027,139,female,control,0,0,202.7,344.60
P027,140,female,pos100,1,100,202.7,346.84
P027,141,female,neg100,1,-100,202.7,187.29
P027,142,female,control,0,0,202.7,188.25
P027,143,female,pos100,1,100,202.7,189.41
P027,144,female,pos100,1,100,202.7,326.95
P027,145,female,control,0,0,202.7,326.03
P027,146,female,pos100,1,100,202.7,329.30
P027,147,female,neg100,1,-100,202.7,344.13
P027,148,female,pos100,1,100,202.7,344.85
P027,149,female,neg100,1,-100,202.7,343.05
P027,150,female,pos100,1,100,202.7,343.41
P027,151,female,neg100,1,-100,202.7,334.68
P027,152,female,neg100,1,-100,202.7,334.17
P027,153,female,neg100,1,-100,202.7,337.46
P027,154,female,control,0,0,202.7,338.57
P027,155,female,pos100,1,100,202.7,339.66
P027,156,female,neg100,1,-100,202.7,339.78
P027,157,female,control,0,0,202.7,332.74
P027,158,female,control,0,0,202.7,343.62
P027,159,female,pos100,1,100,202.7,345.14
P027,160,female,control,0,0,202.7,345.70
P027,161,female,control,0,0,202.7,346.91
P027,162,female,neg100,1,-100,202.7,344.74
P027,163,female,control,0,0,202.7,186.83
P027,164,female,pos100,1,100,202.7,186.54
P027,165,female,pos100,1,100,202.7,187.95
P027,166,female,control,0,0,202.7,243.42
P027,167,female,neg100,1,-100,202.7,243.78
P027,168,female,control,0,0,202.7,246.44
P027,169,female,neg100,1,-100,202.7,245.61
P027,170,female,pos100,1,100,202.7,250.02
P027,171,female,pos100,1,100,202.7,251.23
P028,1,female,neg100,1,-100,202.7,206.61
P028,2,female,neg100,1,-100,202.7,213.85
P028,3,female,neg100,1,-100,202.7,207.86
P028,4,female,neg100,1,-100,202.7,208.81
P028,5,female,control,0,0,202.7,208.58
P028,6,female,control,0,0,202.7,210.83
P028,7,female,pos100,1,100,202.7,210.70
P028,8,female,pos100,1,100,202.7,212.22
P028,9,female,pos100,1,100,202.7,210.33
P028,10,female,control,0,0,202.7,214.65
P028,11,female,control,0,0,202.7,214.34
P028,12,female,control,0,0,202.7,215.82
P028,13,female,pos100,1,100,202.7,217.32
P028,14,female,neg100,1,-100,202.7,214.50
P028,15,female,pos100,1,100,202.7,214.85
P028,16,female,pos100,1,100,202.7,216.50
P028,17,female,neg100,1,-100,202.7,213.39
P028,18,female,neg100,1,-100,202.7,214.15
P028,19,female,pos100,1,100,202.7,215.56
P028,20,female,neg100,1,-100,202.7,216.10
P028,21,female,pos100,1,100,202.7,221.37
P028,22,female,control,0,0,202.7,220.23
P028,23,female,control,0,0,202.7,220.51
P028,24,female,neg100,1,-100,202.7,221.63
P028,25,female,neg100,1,-100,202.7,220.58
P028,26,female,pos100,1,100,202.7,221.43
P028,27,female,pos100,1,100,202.7,219.88
P028,28,female,neg100,1,-100,202.7,217.73
P028,29,female,control,0,0,202.7,217.32
P028,30,female,neg100,1,-100,202.7,222.98
P028,31,female,control,0,0,202.7,224.16
P028,32,female,neg100,1,-100,202.7,223.45
P028,33,female,pos100,1,100,202.7,222.37
P028,34,female,pos100,1,100,202.7,220.70
P028,35,female,pos100,1,100,202.7,218.40
P028,36,female,control,0,0,202.7,220.99
P028,37,female,control,0,0,202.7,220.79
P028,38,female,pos100,1,100,202.7,217.14
P028,39,female,control,0,0,202.7,221.71
P028,40,female,neg100,1,-100,202.7,219.12
P028,41,female,control,0,0,202.7,203.53
P028,42,female,control,0,0,202.7,203.29
P028,43,female,pos100,1,100,202.7,204.53
P028,44,female,control,0,0,202.7,204.36
P028,45,female,pos100,1,100,202.7,202.30
P028,46,female,pos100,1,100,202.7,203.23
P028,47,female,pos100,1,100,202.7,202.58
P028,48,female,neg100,1,-100,202.7,201.68
P028,49,female,neg100,1,-100,202.7,206.19
P028,50,female,control,0,0,202.7,203.07
P028,51,female,pos100,1,100,202.7,203.94
P028,52,female,control,0,0,202.7,205.35
P028,53,female,neg100,1,-100,202.7,202.85
P028,54,female,pos100,1,100,202.7,202.48
P028,55,female,neg100,1,-100,202.7,203.24
P028,56,female,pos100,1,100,202.7,201.73
P028,57,female,neg100,1,-100,202.7,206.43
P028,58,female,control,0,0,202.7,203.93
P028,59,female,neg100,1,-100,202.7,202.98
P028,60,female,neg100,1,-100,202.7,205.78
P028,61,female,pos100,1,100,202.7,203.49
P028,62,female,neg100,1,-100,202.7,203.37
P028,63,female,pos100,1,100,202.7,204.69
P028,64,female,control,0,0,202.7,205.76
P028,65,female,neg100,1,-100,202.7,204.58
P028,66,female,pos100,1,100,202.7,204.67
P028,67,female,pos100,1,100,202.7,205.48
P028,68,female,control,0,0,202.7,203.58
P028,69,female,pos100,1,100,202.7,204.99
P028,70,female,control,0,0,202.7,202.72
P028,71,female,control,0,0,202.7,201.77
P028,72,female,control,0,0,202.7,204.81
P028,73,female,pos100,1,100,202.7,204.46
P028,74,female,control,0,0,202.7,205.72
P028,75,female,neg100,1,-100,202.7,206.56
P028,76,female,neg100,1,-100,202.7,208.27
P028,77,female,neg100,1,-100,202.7,204.04
P028,78,female,neg100,1,-100,202.7,204.56
P028,79,female,pos100,1,100,202.7,204.63
P028,80,female,neg100,1,-100,202.7,202.63
P028,81,female,control,0,0,202.7,204.15
P028,82,female,pos100,1,100,202.7,199.31
P028,83,female,neg100,1,-100,202.7,200.04
P028,84,female,pos100,1,100,202.7,198.97
P028,85,female,neg100,1,-100,202.7,200.70
P028,86,female,control,0,0,202.7,201.06
P028,87,female,neg100,1,-100,202.7,200.30
P028,88,female,neg100,1,-100,202.7,202.65
P028,89,female,pos100,1,100,202.7,203.85
P028,90,female,control,0,0,202.7,202.06
P028,91,female,pos100,1,100,202.7,199.89
P028,92,female,pos100,1,100,202.7,200.41
P028,93,female,neg100,1,-100,202.7,199.58
P028,94,female,pos100,1,100,202.7,200.04
P028,95,female,control,0,0,202.7,198.53
P028,96,female,pos100,1,100,202.7,198.18
P028,97,female,pos100,1,100,202.7,197.89
P028,98,female,control,0,0,202.7,201.20
P028,99,female,neg100,1,-100,202.7,200.51
P028,100,female,neg100,1,-100,202.7,200.68
P028,101,female,control,0,0,202.7,201.34
P028,102,female,control,0,0,202.7,202.25
P028,103,female,pos100,1,100,202.7,199.20
P028,104,female,neg100,1,-100,202.7,199.48
P028,105,female,neg100,1,-100,202.7,201.91
P028,106,female,pos100,1,100,202.7,203.38
P028,107,female,control,0,0,202.7,204.34
P028,108,female,pos100,1,100,202.7,203.20
P028,109,female,neg100,1,-100,202.7,201.94
P028,110,female,control,0,0,202.7,204.42
P028,111,female,neg100,1,-100,202.7,203.37
P028,112,female,pos100,1,100,202.7,202.60
P028,113,female,control,0,0,202.7,201.98
P028,114,female,neg100,1,-100,202.7,202.61
P028,115,female,control,0,0,202.7,204.09
P028,116,female,neg100,1,-100,202.7,204.38
P028,117,female,control,0,0,202.7,205.33
P028,118,female,pos100,1,100,202.7,206.98
P028,119,female,neg100,1,-100,202.7,200.67
P028,120,female,pos100,1,100,202.7,202.41
P028,121,female,neg100,1,-100,202.7,199.49
P028,122,female,control,0,0,202.7,201.33
P028,123,female,pos100,1,100,202.7,198.38
P028,124,female,pos100,1,100,202.7,197.54
P028,125,female,neg100,1,-100,202.7,197.95
P028,126,female,control,0,0,202.7,197.15
P028,127,female,control,0,0,202.7,196.67
P028,128,female,pos100,1,100,202.7,197.67
P028,129,female,pos100,1,100,202.7,197.91
P028,130,female,neg100,1,-100,202.7,194.12
P028,131,female,neg100,1,-100,202.7,196.54
P028,132,female,pos100,1,100,202.7,198.54
P028,133,female,control,0,0,202.7,194.63
P028,134,female,pos100,1,100,202.7,194.65
P028,135,female,neg100,1,-100,202.7,193.77
P028,136,female,pos100,1,100,202.7,193.17
P028,137,female,neg100,1,-100,202.7,195.93
P028,138,female,neg100,1,-100,202.7,195.38
P028,139,female,control,0,0,202.7,196.72
P028,140,female,control,0,0,202.7,199.14
P028,141,female,neg100,1,-100,202.7,200.01
P028,142,female,neg100,1,-100,202.7,199.63
P028,143,female,neg100,1,-100,202.7,197.92
P028,144,female,pos100,1,100,202.7,201.43
P028,145,female,pos100,1,100,202.7,195.84
P028,146,female,control,0,0,202.7,197.33
P028,147,female,pos100,1,100,202.7,196.28
P028,148,female,pos100,1,100,202.7,197.78
P028,149,female,pos100,1,100,202.7,199.58
P028,150,female,neg100,1,-100,202.7,199.25
P028,151,female,pos100,1,100,202.7,197.26
P028,152,female,control,0,0,202.7,199.55
P028,153,female,neg100,1,-100,202.7,197.97
P028,154,female,control,0,0,202.7,198.34
P028,155,female,pos100,1,100,202.7,196.01
P028,156,female,control,0,0,202.7,194.66
P028,157,female,pos100,1,100,202.7,193.23
P028,158,female,pos100,1,100,202.7,193.87
P028,159,female,control,0,0,202.7,195.87
P028,160,female,neg100,1,-100,202.7,193.55
P028,161,female,control,0,0,202.7,194.87
P028,162,female,neg100,1,-100,202.7,192.50
P028,163,female,control,0,0,202.7,197.51
P028,164,female,neg100,1,-100,202.7,194.46
P028,165,female,control,0,0,202.7,194.38
P028,166,female,control,0,0,202.7,198.71
P028,167,female,neg100,1,-100,202.7,198.63
P028,168,female,pos100,1,100,202.7,201.04
P028,169,female,pos100,1,100,202.7,199.39
P028,170,female,pos100,1,100,202.7,200.67
P028,171,female,control,0,0,202.7,201.21
P028,172,female,neg100,1,-100,202.7,196.01
P028,173,female,neg100,1,-100,202.7,199.45
P028,174,female,control,0,0,202.7,199.89
P028,175,female,neg100,1,-100,202.7,200.11
P028,176,female,pos100,1,100,202.7,202.12
P028,177,female,neg100,1,-100,202.7,199.31
P028,178,female,neg100,1,-100,202.7,203.23
P028,179,female,control,0,0,202.7,203.20
P028,180,female,pos100,1,100,202.7,201.75
P028,181,female,pos100,1,100,202.7,200.88
P028,182,female,control,0,0,202.7,199.13
P028,183,female,pos100,1,100,202.7,199.00
P028,184,female,pos100,1,100,202.7,197.92
P028,185,female,neg100,1,-100,202.7,197.44
P028,186,female,neg100,1,-100,202.7,199.40
P028,187,female,control,0,0,202.7,198.49
P028,188,female,control,0,0,202.7,201.42
P028,189,female,neg100,1,-100,202.7,199.20
P028,190,female,neg100,1,-100,202.7,199.89
P028,191,female,control,0,0,202.7,201.41
P028,192,female,pos100,1,100,202.7,199.40
P028,193,female,pos100,1,100,202.7,199.68
P028,194,female,pos100,1,100,202.7,198.23
P028,195,female,neg100,1,-100,202.7,199.14
P028,196,female,pos100,1,100,202.7,198.89
P028,197,female,control,0,0,202.7,199.75
P028,198,female,control,0,0,202.7,200.92
P028,199,female,pos100,1,100,202.7,199.87
P028,200,female,neg100,1,-100,202.7,197.36
P028,201,female,neg100,1,-100,202.7,202.40
P028,202,female,control,0,0,202.7,199.32
P028,203,female,control,0,0,202.7,202.56
P028,204,female,neg100,1,-100,202.7,199.35
P028,205,female,control,0,0,202.7,198.57
P028,206,female,pos100,1,100,202.7,198.88
P028,207,female,pos100,1,100,202.7,195.94
P028,208,female,control,0,0,202.7,196.20
P028,209,female,pos100,1,100,202.7,196.26
P028,210,female,neg100,1,-100,202.7,194.04
P028,211,female,neg100,1,-100,202.7,199.24
P028,212,female,neg100,1,-100,202.7,195.50
P028,213,female,pos100,1,100,202.7,195.64
P028,214,female,control,0,0,202.7,211.47
P028,215,female,control,0,0,202.7,215.65
P028,216,female,neg100,1,-100,202.7,215.08
P028,217,female,pos100,1,100,202.7,216.22
P028,218,female,pos100,1,100,202.7,216.90
P029,1,male,pos100,1,100,202.7,110.72
P029,2,male,pos100,1,100,202.7,110.06
P029,3,male,neg100,1,-100,202.7,110.59
P029,4,male,pos100,1,100,202.7,111.12
P029,5,male,neg100,1,-100,202.7,112.34
P029,6,male,control,0,0,202.7,110.24
P029,7,male,control,0,0,202.7,127.82
P029,8,male,neg100,1,-100,202.7,159.63
P029,9,male,control,0,0,202.7,114.46
P029,10,male,neg100,1,-100,202.7,110.03
P029,11,male,pos100,1,100,202.7,111.62
P029,12,male,pos100,1,100,202.7,113.39
P029,13,male,pos100,1,100,202.7,112.86
P029,14,male,neg100,1,-100,202.7,113.43
P029,15,male,neg100,1,-100,202.7,112.24
P029,16,male,control,0,0,202.7,115.61
P029,17,male,control,0,0,202.7,115.96
P029,18,male,control,0,0,202.7,116.15
P029,19,male,control,0,0,202.7,118.67
P029,20,male,control,0,0,202.7,115.64
P029,21,male,neg100,1,-100,202.7,119.33
P029,22,male,pos100,1,100,202.7,120.08
P029,23,male,pos100,1,100,202.7,123.29
P029,24,male,control,0,0,202.7,120.82
P029,25,male,neg100,1,-100,202.7,122.88
P029,26,male,neg100,1,-100,202.7,122.25
P029,27,male,control,0,0,202.7,128.71
P029,28,male,pos100,1,100,202.7,137.74
P029,29,male,control,0,0,202.7,117.47
P029,30,male,neg100,1,-100,202.7,132.87
P029,31,male,pos100,1,100,202.7,107.49
P029,32,male,pos100,1,100,202.7,133.79
P029,33,male,neg100,1,-100,202.7,127.16
P029,34,male,neg100,1,-100,202.7,153.35
P029,35,male,neg100,1,-100,202.7,126.83
P029,36,male,pos100,1,100,202.7,166.63
P029,37,male,neg100,1,-100,202.7,137.98
P029,38,male,pos100,1,100,202.7,110.08
P029,39,male,pos100,1,100,202.7,155.44
P029,40,male,pos100,1,100,202.7,111.25
P029,41,male,control,0,0,202.7,114.54
P029,42,male,neg100,1,-100,202.7,113.34
P029,43,male,pos100,1,100,202.7,114.06
P029,44,male,pos100,1,100,202.7,114.56
P029,45,male,pos100,1,100,202.7,116.76
P029,46,male,neg100,1,-100,202.7,117.34
P029,47,male,neg100,1,-100,202.7,115.24
P029,48,male,pos100,1,100,202.7,120.52
P029,49,male,neg100,1,-100,202.7,121.46
P029,50,male,control,0,0,202.7,118.38
P029,51,male,pos100,1,100,202.7,124.91
P029,52,male,neg100,1,-100,202.7,123.14
P029,53,male,control,0,0,202.7,124.53
P029,54,male,neg100,1,-100,202.7,120.36
P029,55,male,control,0,0,202.7,124.85
P029,56,male,control,0,0,202.7,123.29
P029,57,male,neg100,1,-100,202.7,121.42
P029,58,male,pos100,1,100,202.7,130.27
P029,59,male,control,0,0,202.7,117.87
P029,60,male,neg100,1,-100,202.7,145.06
P029,61,male,neg100,1,-100,202.7,136.43
P029,62,male,control,0,0,202.7,134.93
P029,63,male,control,0,0,202.7,136.94
P029,64,male,pos100,1,100,202.7,145.42
P029,65,male,neg100,1,-100,202.7,138.20
P029,66,male,pos100,1,100,202.7,141.58
P029,67,male,neg100,1,-100,202.7,151.81
P029,68,male,control,0,0,202.7,146.89
P029,69,male,neg100,1,-100,202.7,152.98
P029,70,male,neg100,1,-100,202.7,144.18
P029,71,male,pos100,1,100,202.7,147.22
P029,72,male,neg100,1,-100,202.7,140.93
P029,73,male,pos100,1,100,202.7,159.36
P029,74,male,control,0,0,202.7,144.61
P029,75,male,control,0,0,202.7,149.03
P029,76,male,pos100,1,100,202.7,148.64
P029,77,male,control,0,0,202.7,153.88
P029,78,male,pos100,1,100,202.7,108.99
P029,79,male,control,0,0,202.7,111.92
P029,80,male,pos100,1,100,202.7,112.02
P029,81,male,neg100,1,-100,202.7,113.99
P029,82,male,neg100,1,-100,202.7,115.36
P029,83,male,control,0,0,202.7,115.74
P029,84,male,control,0,0,202.7,116.84
P029,85,male,control,0,0,202.7,117.27
P029,86,male,control,0,0,202.7,119.54
P029,87,male,pos100,1,100,202.7,119.20
P029,88,male,pos100,1,100,202.7,119.20
P029,89,male,neg100,1,-100,202.7,120.10
P029,90,male,pos100,1,100,202.7,124.01
P029,91,male,pos100,1,100,202.7,125.25
P029,92,male,neg100,1,-100,202.7,123.07
P029,93,male,control,0,0,202.7,127.81
P029,94,male,neg100,1,-100,202.7,123.76
P029,95,male,pos100,1,100,202.7,127.34
P029,96,male,control,0,0,202.7,139.51
P029,97,male,neg100,1,-100,202.7,146.56
P029,98,male,neg100,1,-100,202.7,126.31
P029,99,male,pos100,1,100,202.7,147.39
P029,100,male,pos100,1,100,202.7,134.31
P029,101,male,pos100,1,100,202.7,155.51
P029,102,male,pos100,1,100,202.7,129.03
P029,103,male,control,0,0,202.7,155.48
P029,104,male,neg100,1,-100,202.7,135.96
P029,105,male,control,0,0,202.7,174.55
P029,106,male,control,0,0,202.7,152.22
P029,107,male,pos100,1,100,202.7,168.61
P029,108,male,pos100,1,100,202.7,168.57
P029,109,male,neg100,1,-100,202.7,173.14
P029,110,male,pos100,1,100,202.7,154.87
P029,111,male,neg100,1,-100,202.7,173.45
P029,112,male,neg100,1,-100,202.7,174.15
P029,113,male,neg100,1,-100,202.7,147.69
P029,114,male,control,0,0,202.7,176.12
P029,115,male,control,0,0,202.7,156.47
P029,116,male,neg100,1,-100,202.7,167.37
P029,117,male,neg100,1,-100,202.7,116.25
P029,118,male,control,0,0,202.7,120.70
P029,119,male,neg100,1,-100,202.7,111.03
P029,120,male,pos100,1,100,202.7,110.29
P029,121,male,control,0,0,202.7,118.36
P029,122,male,neg100,1,-100,202.7,103.19
P029,123,male,control,0,0,202.7,109.82
P029,124,male,neg100,1,-100,202.7,112.57
P029,125,male,control,0,0,202.7,115.79
P029,126,male,pos100,1,100,202.7,111.29
P029,127,male,pos100,1,100,202.7,111.42
P029,128,male,control,0,0,202.7,112.16
P029,129,male,pos100,1,100,202.7,110.66
P029,130,male,control,0,0,202.7,110.20
P029,131,male,control,0,0,202.7,111.21
P029,132,male,control,0,0,202.7,113.43
P029,133,male,control,0,0,202.7,109.80
P029,134,male,pos100,1,100,202.7,107.64
P029,135,male,control,0,0,202.7,111.59
P029,136,male,neg100,1,-100,202.7,111.99
P029,137,male,neg100,1,-100,202.7,114.85
P029,138,male,neg100,1,-100,202.7,112.35
P029,139,male,pos100,1,100,202.7,114.48
P029,140,male,pos100,1,100,202.7,111.07
P029,141,male,pos100,1,100,202.7,111.00
P029,142,male,pos100,1,100,202.7,109.52
P029,143,male,neg100,1,-100,202.7,107.76
P029,144,male,pos100,1,100,202.7,110.95
P029,145,male,neg100,1,-100,202.7,115.77
P029,146,male,neg100,1,-100,202.7,109.39
P029,147,male,pos100,1,100,202.7,112.59
P029,148,male,neg100,1,-100,202.7,111.58
P029,149,male,pos100,1,100,202.7,113.15
P029,150,male,pos100,1,100,202.7,109.87
P029,151,male,control,0,0,202.7,116.47
P029,152,male,control,0,0,202.7,115.80
P029,153,male,neg100,1,-100,202.7,114.37
P029,154,male,pos100,1,100,202.7,113.38
P029,155,male,control,0,0,202.7,116.25
P029,156,male,neg100,1,-100,202.7,109.38
P029,157,male,pos100,1,100,202.7,109.93
P029,158,male,control,0,0,202.7,105.29
P029,159,male,pos100,1,100,202.7,118.29
P029,160,male,neg100,1,-100,202.7,107.98
P029,161,male,neg100,1,-100,202.7,115.76
P029,162,male,neg100,1,-100,202.7,116.34
P029,163,male,pos100,1,100,202.7,114.06
P029,164,male,pos100,1,100,202.7,117.22
P029,165,male,neg100,1,-100,202.7,121.71
P029,166,male,control,0,0,202.7,116.00
P029,167,male,pos100,1,100,202.7,115.74
P029,168,male,control,0,0,202.7,117.73
P029,169,male,control,0,0,202.7,120.90
P029,170,male,neg100,1,-100,202.7,115.20
P029,171,male,neg100,1,-100,202.7,120.75
P029,172,male,pos100,1,100,202.7,111.79
P029,173,male,neg100,1,-100,202.7,124.86
P029,174,male,pos100,1,100,202.7,118.59
P029,175,male,control,0,0,202.7,121.62
P029,176,male,neg100,1,-100,202.7,119.55
P029,177,male,pos100,1,100,202.7,119.23
P029,178,male,pos100,1,100,202.7,119.12
P029,179,male,control,0,0,202.7,119.67
P029,180,male,pos100,1,100,202.7,114.91
P029,181,male,control,0,0,202.7,117.74
P029,182,male,pos100,1,100,202.7,116.95
P029,183,male,pos100,1,100,202.7,113.01
P029,184,male,control,0,0,202.7,112.35
P029,185,male,pos100,1,100,202.7,114.84
P029,186,male,neg100,1,-100,202.7,113.80
P029,187,male,neg100,1,-100,202.7,115.42
P029,188,male,pos100,1,100,202.7,117.79
P029,189,male,pos100,1,100,202.7,130.00
P029,190,male,pos100,1,100,202.7,113.19
P029,191,male,neg100,1,-100,202.7,114.18
P029,192,male,neg100,1,-100,202.7,121.37
P029,193,male,control,0,0,202.7,121.09
P029,194,male,control,0,0,202.7,118.10
P029,195,male,neg100,1,-100,202.7,119.15
P029,196,male,pos100,1,100,202.7,115.69
P029,197,male,control,0,0,202.7,118.08
P029,198,male,neg100,1,-100,202.7,119.56
P029,199,male,control,0,0,202.7,122.28
P029,200,male,neg100,1,-100,202.7,116.53
P029,201,male,neg100,1,-100,202.7,117.24
P029,202,male,control,0,0,202.7,122.06
P029,203,male,neg100,1,-100,202.7,121.86
P029,204,male,pos100,1,100,202.7,120.22
P029,205,male,control,0,0,202.7,117.94
P029,206,male,pos100,1,100,202.7,119.25
P029,207,male,control,0,0,202.7,122.81
P029,208,male,control,0,0,202.7,112.53
P029,209,male,pos100,1,100,202.7,118.02
P029,210,male,control,0,0,202.7,119.81
P029,211,male,pos100,1,100,202.7,111.70
P029,212,male,neg100,1,-100,202.7,118.39
P029,213,male,neg100,1,-100,202.7,121.06
P030,1,female,pos100,1,100,202.7,255.19
P030,2,female,pos100,1,100,202.7,252.01
P030,3,female,neg100,1,-100,202.7,253.12
P030,4,female,pos100,1,100,202.7,252.40
P030,5,female,neg100,1,-100,202.7,252.36
P030,6,female,control,0,0,202.7,251.39
P030,7,female,control,0,0,202.7,251.37
P030,8,female,neg100,1,-100,202.7,253.03
P030,9,female,control,0,0,202.7,253.28
P030,10,female,control,0,0,202.7,253.31
P030,11,female,neg100,1,-100,202.7,252.88
P030,12,female,pos100,1,100,202.7,254.50
P030,13,female,pos100,1,100,202.7,254.02
P030,14,female,pos100,1,100,202.7,251.93
P030,15,female,neg100,1,-100,202.7,253.78
P030,16,female,neg100,1,-100,202.7,254.97
P030,17,female,control,0,0,202.7,251.34
P030,18,female,control,0,0,202.7,252.77
P030,19,female,control,0,0,202.7,248.43
P030,20,female,control,0,0,202.7,256.03
P030,21,female,control,0,0,202.7,253.45
P030,22,female,neg100,1,-100,202.7,256.29
P030,23,female,pos100,1,100,202.7,252.93
P030,24,female,pos100,1,100,202.7,252.83
P030,25,female,control,0,0,202.7,253.71
P030,26,female,neg100,1,-100,202.7,251.60
P030,27,female,neg100,1,-100,202.7,256.12
P030,28,female,control,0,0,202.7,257.47
P030,29,female,pos100,1,100,202.7,255.45
P030,30,female,control,0,0,202.7,254.02
P030,31,female,neg100,1,-100,202.7,253.05
P030,32,female,pos100,1,100,202.7,253.45
P030,33,female,pos100,1,100,202.7,250.19
P030,34,female,neg100,1,-100,202.7,252.17
P030,35,female,neg100,1,-100,202.7,250.29
P030,36,female,neg100,1,-100,202.7,251.94
P030,37,female,pos100,1,100,202.7,252.12
P030,38,female,neg100,1,-100,202.7,253.57
P030,39,female,pos100,1,100,202.7,254.67
P030,40,female,pos100,1,100,202.7,253.58
P030,41,female,pos100,1,100,202.7,233.72
P030,42,female,pos100,1,100,202.7,229.48
P030,43,female,pos100,1,100,202.7,226.72
P030,44,female,control,0,0,202.7,230.57
P030,45,female,neg100,1,-100,202.7,228.66
P030,46,female,pos100,1,100,202.7,229.58
P030,47,female,pos100,1,100,202.7,230.05
P030,48,female,pos100,1,100,202.7,227.88
P030,49,female,neg100,1,-100,202.7,230.35
P030,50,female,neg100,1,-100,202.7,231.34
P030,51,female,pos100,1,100,202.7,231.34
P030,52,female,neg100,1,-100,202.7,230.65
P030,53,female,control,0,0,202.7,228.03
P030,54,female,pos100,1,100,202.7,232.42
P030,55,female,neg100,1,-100,202.7,232.26
P030,56,female,control,0,0,202.7,231.78
P030,57,female,neg100,1,-100,202.7,232.08
P030,58,female,control,0,0,202.7,232.78
P030,59,female,control,0,0,202.7,229.80
P030,60,female,neg100,1,-100,202.7,232.44
P030,61,female,pos100,1,100,202.7,233.21
P030,62,female,control,0,0,202.7,231.34
P030,63,female,neg100,1,-100,202.7,232.58
P030,64,female,neg100,1,-100,202.7,233.75
P030,65,female,control,0,0,202.7,235.10
P030,66,female,control,0,0,202.7,231.79
P030,67,female,pos100,1,100,202.7,234.33
P030,68,female,neg100,1,-100,202.7,232.98
P030,69,female,pos100,1,100,202.7,234.49
P030,70,female,neg100,1,-100,202.7,233.71
P030,71,female,control,0,0,202.7,234.51
P030,72,female,neg100,1,-100,202.7,234.32
P030,73,female,neg100,1,-100,202.7,233.08
P030,74,female,pos100,1,100,202.7,232.69
P030,75,female,neg100,1,-100,202.7,233.96
P030,76,female,pos100,1,100,202.7,236.77
P030,77,female,control,0,0,202.7,234.29
P030,78,female,control,0,0,202.7,232.82
P030,79,female,pos100,1,100,202.7,234.64
P030,80,female,control,0,0,202.7,235.49
P030,81,female,neg100,1,-100,202.7,234.86
P030,82,female,control,0,0,202.7,233.02
P030,83,female,pos100,1,100,202.7,233.48
P030,84,female,control,0,0,202.7,230.28
P030,85,female,control,0,0,202.7,236.26
P030,86,female,neg100,1,-100,202.7,234.17
P030,87,female,control,0,0,202.7,234.28
P030,88,female,neg100,1,-100,202.7,239.29
P030,89,female,pos100,1,100,202.7,234.36
P030,90,female,neg100,1,-100,202.7,233.79
P030,91,female,control,0,0,202.7,233.72
P030,92,female,pos100,1,100,202.7,236.16
P030,93,female,neg100,1,-100,202.7,234.15
P030,94,female,pos100,1,100,202.7,233.54
P030,95,female,control,0,0,202.7,235.05
P030,96,female,neg100,1,-100,202.7,234.46
P030,97,female,pos100,1,100,202.7,232.33
P030,98,female,pos100,1,100,202.7,236.79
P030,99,female,neg100,1,-100,202.7,235.59
P030,100,female,neg100,1,-100,202.7,232.85
P030,101,female,pos100,1,100,202.7,234.33
P030,102,female,neg100,1,-100,202.7,231.44
P030,103,female,pos100,1,100,202.7,235.53
P030,104,female,neg100,1,-100,202.7,234.36
P030,105,female,pos100,1,100,202.7,234.29
P030,106,female,pos100,1,100,202.7,232.10
P030,107,female,pos100,1,100,202.7,233.02
P030,108,female,control,0,0,202.7,236.41
P030,109,female,neg100,1,-100,202.7,232.83
P030,110,female,control,0,0,202.7,237.05
P030,111,female,neg100,1,-100,202.7,233.28
P030,112,female,control,0,0,202.7,235.50
P030,113,female,neg100,1,-100,202.7,232.47
P030,114,female,control,0,0,202.7,233.48
P030,115,female,pos100,1,100,202.7,234.57
P030,116,female,control,0,0,202.7,235.54
P030,117,female,control,0,0,202.7,231.55
P030,118,female,pos100,1,100,202.7,232.99
P030,119,female,pos100,1,100,202.7,233.74
P030,120,female,neg100,1,-100,202.7,232.32
P030,121,female,control,0,0,202.7,231.08
P030,122,female,neg100,1,-100,202.7,229.58
P030,123,female,pos100,1,100,202.7,229.60
P030,124,female,pos100,1,100,202.7,230.78
P030,125,female,control,0,0,202.7,226.92
P030,126,female,pos100,1,100,202.7,230.70
P030,127,female,neg100,1,-100,202.7,229.46
P030,128,female,pos100,1,100,202.7,231.40
P030,129,female,neg100,1,-100,202.7,229.22
P030,130,female,neg100,1,-100,202.7,231.42
P030,131,female,neg100,1,-100,202.7,230.39
P030,132,female,neg100,1,-100,202.7,231.71
P030,133,female,pos100,1,100,202.7,231.87
P030,134,female,neg100,1,-100,202.7,230.99
P030,135,female,control,0,0,202.7,232.15
P030,136,female,control,0,0,202.7,231.47
P030,137,female,pos100,1,100,202.7,233.72
P030,138,female,control,0,0,202.7,230.34
P030,139,female,control,0,0,202.7,232.28
P030,140,female,neg100,1,-100,202.7,232.04
P030,141,female,pos100,1,100,202.7,232.12
P030,142,female,neg100,1,-100,202.7,232.62
P030,143,female,neg100,1,-100,202.7,230.02
P030,144,female,pos100,1,100,202.7,234.78
P030,145,female,pos100,1,100,202.7,229.78
P030,146,female,control,0,0,202.7,232.51
P030,147,female,neg100,1,-100,202.7,230.36
P030,148,female,control,0,0,202.7,231.49
P030,149,female,control,0,0,202.7,233.61
P030,150,female,pos100,1,100,202.7,231.75
P030,151,female,neg100,1,-100,202.7,232.71
P030,152,female,neg100,1,-100,202.7,234.18
P030,153,female,pos100,1,100,202.7,232.06
P030,154,female,neg100,1,-100,202.7,231.41
P030,155,female,neg100,1,-100,202.7,230.21
P030,156,female,control,0,0,202.7,233.78
P030,157,female,pos100,1,100,202.7,231.98
P030,158,female,pos100,1,100,202.7,234.52
P030,159,female,pos100,1,100,202.7,227.96
P030,160,female,pos100,1,100,202.7,229.68
P030,161,female,control,0,0,202.7,228.95
P030,162,female,pos100,1,100,202.7,229.25
P030,163,female,control,0,0,202.7,228.72
P030,164,female,pos100,1,100,202.7,232.16
P030,165,female,control,0,0,202.7,232.26
P030,166,female,control,0,0,202.7,231.95
P030,167,female,neg100,1,-100,202.7,231.11
P030,168,female,neg100,1,-100,202.7,233.36
P030,169,female,pos100,1,100,202.7,231.45
P030,170,female,neg100,1,-100,202.7,231.40
P030,171,female,neg100,1,-100,202.7,233.11
P030,172,female,pos100,1,100,202.7,232.06
P030,173,female,control,0,0,202.7,232.66
P030,174,female,control,0,0,202.7,233.19
P030,175,female,control,0,0,202.7,232.81
P030,176,female,pos100,1,100,202.7,231.73
P030,177,female,control,0,0,202.7,231.90
P030,178,female,pos100,1,100,202.7,232.63
P030,179,female,control,0,0,202.7,229.24
P030,180,female,neg100,1,-100,202.7,230.35
P030,181,female,pos100,1,100,202.7,232.36
P030,182,female,control,0,0,202.7,230.32
P030,183,female,neg100,1,-100,202.7,234.31
P030,184,female,neg100,1,-100,202.7,233.05
P030,185,female,pos100,1,100,202.7,236.26
P030,186,female,neg100,1,-100,202.7,234.57
P030,187,female,pos100,1,100,202.7,236.77
P030,188,female,pos100,1,100,202.7,234.81
P030,189,female,neg100,1,-100,202.7,234.54
P030,190,female,control,0,0,202.7,236.91
P030,191,female,control,0,0,202.7,231.21
P030,192,female,control,0,0,202.7,235.61
P030,193,female,control,0,0,202.7,235.35
P030,194,female,neg100,1,-100,202.7,237.07
P030,195,female,pos100,1,100,202.7,232.92
P030,196,female,pos100,1,100,202.7,235.28
P030,197,female,neg100,1,-100,202.7,233.42
P030,198,female,pos100,1,100,202.7,234.03
P030,199,female,neg100,1,-100,202.7,231.65
P030,200,female,control,0,0,202.7,231.98
P030,201,female,pos100,1,100,202.7,235.00
P030,202,female,control,0,0,202.7,229.75
P030,203,female,pos100,1,100,202.7,228.60
P030,204,female,neg100,1,-100,202.7,231.86
P030,205,female,neg100,1,-100,202.7,229.15
P030,206,female,pos100,1,100,202.7,230.56
P030,207,female,neg100,1,-100,202.7,230.29
P030,208,female,pos100,1,100,202.7,231.50
P030,209,female,control,0,0,202.7,231.88
P030,210,female,pos100,1,100,202.7,231.97
P030,211,female,neg100,1,-100,202.7,228.28
P030,212,female,control,0,0,202.7,250.82
P030,213,female,pos100,1,100,202.7,251.37
P030,214,female,control,0,0,202.7,252.39
P030,215,female,pos100,1,100,202.7,253.50
P030,216,female,neg100,1,-100,202.7,252.74
P030,217,female,neg100,1,-100,202.7,253.95
